종목코드,Revenue,OperatingIncomeLoss,ProfitLoss,SetDate
024110,3.20228E+12,3.27306E+11,2.20227E+11,2015-12-31
024110,5.34362E+12,4.71254E+11,3.67502E+11,2016-03-31
024110,3.41743E+12,3.80245E+11,2.78592E+11,2016-06-30
024110,4.88839E+12,3.69451E+11,2.7212E+11,2016-09-30
024110,3.34344E+12,2.70999E+11,2.05825E+11,2016-12-31
024110,6.58022E+12,5.65564E+11,4.27241E+11,2017-03-31
024110,2.852E+12,4.61241E+11,3.46579E+11,2017-06-30
024110,3.70099E+12,5.78107E+11,4.38519E+11,2017-09-30
024110,4.93817E+12,3.72381E+11,2.41394E+11,2017-12-31
024110,4.08227E+12,6.83703E+11,4.99999E+11,2018-03-31
024110,4.86745E+12,5.77574E+11,4.08297E+11,2018-06-30
024110,3.42329E+12,6.92912E+11,5.02917E+11,2018-09-30
024110,4.15844E+12,4.11001E+11,2.94594E+11,2018-12-31
024110,4.58644E+12,7.29682E+11,5.57043E+11,2019-03-31
024110,4.87726E+12,5.60853E+11,4.28865E+11,2019-06-30
024110,4.99874E+12,4.97416E+11,3.81926E+11,2019-09-30
024110,3.43911E+12,3.97966E+11,2.45967E+11,2019-12-31
024110,7.52602E+12,6.47135E+11,5.00092E+11,2020-03-31
024110,3.5614E+12,4.08254E+11,3.20264E+11,2020-06-30
024110,3.2473E+12,4.67681E+11,3.66036E+11,2020-09-30
024110,5.56797E+12,5.40016E+11,3.59753E+11,2020-12-31
024110,5.32389E+12,7.60083E+11,5.91569E+11,2021-03-31
024110,3.75652E+12,7.9559E+11,6.21799E+11,2021-06-30
024110,5.89599E+12,8.00058E+11,6.09969E+11,2021-09-30
024110,3.60443E+12,8.04941E+11,5.97447E+11,2021-12-31
024110,5.61758E+12,8.39081E+11,6.59959E+11,2022-03-31
024110,8.00828E+12,7.34029E+11,5.66429E+11,2022-06-30
024110,1.09148E+13,1.08638E+12,7.96274E+11,2022-09-30
024110,4.76598E+12,1.08932E+12,7.58129E+11,2022-12-31
006220,43273000000,5110000000,3669000000,2015-12-31
006220,45223000000,7598000000,6052000000,2016-03-31
006220,46985000000,9810000000,7385000000,2016-06-30
006220,48188000000,4846000000,3596000000,2016-09-30
006220,49795000000,8944000000,8125000000,2016-12-31
006220,49856000000,10234000000,8342000000,2017-03-31
006220,51023000000,9744000000,7199000000,2017-06-30
006220,52589000000,9800000000,7229000000,2017-09-30
006220,55189000000,3928000000,2373000000,2017-12-31
006220,53387000000,7000000000,5448000000,2018-03-31
006220,56583000000,11995000000,9258000000,2018-06-30
006220,57316000000,11101000000,8189000000,2018-09-30
006220,57494000000,5667000000,4551000000,2018-12-31
006220,58915000000,9262000000,6951000000,2019-03-31
006220,61616000000,9248000000,8078000000,2019-06-30
006220,60703000000,7217000000,5929000000,2019-09-30
006220,62804000000,11466000000,6976000000,2019-12-31
006220,56378000000,6662000000,5648000000,2020-03-31
006220,55385000000,8380000000,6351000000,2020-06-30
006220,54062000000,5032000000,3804000000,2020-09-30
006220,52297000000,1557000000,1718000000,2020-12-31
006220,49334000000,9116000000,7806000000,2021-03-31
006220,50777000000,8114000000,6257000000,2021-06-30
006220,52307000000,9688000000,7510000000,2021-09-30
006220,59836000000,-4315000000,-3127000000,2021-12-31
006220,60851000000,7769000000,6141000000,2022-03-31
006220,62551000000,5141000000,4085000000,2022-06-30
006220,76918000000,8443000000,6750000000,2022-09-30
006220,81667000000,5667000000,5844000000,2022-12-31
085620,9.48806E+11,-68385000000,20165000000,2015-12-31
085620,9.49445E+11,-76048000000,4161000000,2016-03-31
085620,7.79308E+11,-21072000000,31988000000,2016-06-30
085620,1.00517E+12,-47522000000,11370000000,2016-09-30
085620,7.27026E+11,-1.18705E+11,-23325000000,2016-12-31
085620,1.07185E+12,-63230000000,11939000000,2017-03-31
085620,6.56458E+11,-49408000000,20678000000,2017-06-30
085620,7.17351E+11,-60380000000,24304000000,2017-09-30
085620,9.35445E+11,-85356000000,22193000000,2017-12-31
085620,7.53004E+11,-47646000000,28973000000,2018-03-31
085620,8.59532E+11,-58149000000,25174000000,2018-06-30
085620,7.01687E+11,-61421000000,14168000000,2018-09-30
085620,7.61649E+11,-77470000000,6645000000,2018-12-31
085620,7.56766E+11,-40901000000,24176000000,2019-03-31
085620,7.34988E+11,-40379000000,36216000000,2019-06-30
085620,7.73993E+11,-48636000000,25508000000,2019-09-30
085620,6.33127E+11,-77662000000,14139000000,2019-12-31
085620,8.39439E+11,-37752000000,30301000000,2020-03-31
085620,6.51255E+11,-23476000000,40393000000,2020-06-30
085620,6.71251E+11,-45900000000,31165000000,2020-09-30
085620,7.83817E+11,-1.01461E+11,-9766000000,2020-12-31
085620,7.49374E+11,-92767000000,5084000000,2021-03-31
085620,6.85577E+11,-37634000000,40493000000,2021-06-30
085620,7.63617E+11,-71023000000,23741000000,2021-09-30
085620,6.15408E+11,-63605000000,26809000000,2021-12-31
085620,6.6654E+11,-69588000000,19615000000,2022-03-31
085620,7.69059E+11,-37279000000,40959000000,2022-06-30
085620,8.56894E+11,-30928000000,41435000000,2022-09-30
085620,3.2717E+11,-1.28289E+11,-45865000000,2022-12-31
032830,5.9482E+12,-3.95369E+11,-16235000000,2015-12-31
032830,6.43714E+12,1.6733E+11,3.90498E+11,2016-03-31
032830,5.79163E+12,-31785000000,2.5077E+11,2016-06-30
032830,6.71456E+12,1.56E+11,3.66183E+11,2016-09-30
032830,5.61727E+12,-9.30923E+11,-4.34942E+11,2016-12-31
032830,7.47049E+12,4.12213E+11,6.30959E+11,2017-03-31
032830,5.59107E+12,-26826000000,2.65914E+11,2017-06-30
032830,5.97617E+12,-1.4928E+11,2.00048E+11,2017-09-30
032830,6.27498E+12,-5.61329E+11,-1.56232E+11,2017-12-31
032830,6.38715E+12,1.66272E+11,4.2861E+11,2018-03-31
032830,7.39734E+12,9.437E+11,9.56298E+11,2018-06-30
032830,5.85239E+12,-1.40797E+11,2.02408E+11,2018-09-30
032830,6.44887E+12,-1.43099E+11,2.10458E+11,2018-12-31
032830,6.54103E+12,1.36608E+11,4.55213E+11,2019-03-31
032830,6.56358E+12,-1.31696E+11,2.01457E+11,2019-06-30
032830,6.68453E+12,-1.33863E+11,1.62593E+11,2019-09-30
032830,5.59885E+12,-3.8402E+11,14542000000,2019-12-31
032830,8.45184E+12,47550000000,3.16725E+11,2020-03-31
032830,6.11282E+12,4676000000,3.01277E+11,2020-06-30
032830,6.23266E+12,-1.73909E+11,1.41749E+11,2020-09-30
032830,6.81824E+12,-74933000000,1.69034E+11,2020-12-31
032830,8.13029E+12,9.48083E+11,1.02979E+12,2021-03-31
032830,6.56807E+12,-3.1262E+11,-1.7835E+11,2021-06-30
032830,7.16487E+12,-3.69676E+11,-50272000000,2021-09-30
032830,6.148E+12,-2.74801E+11,50701000000,2021-12-31
032830,7.66082E+12,1.30665E+11,3.57026E+11,2022-03-31
032830,7.77369E+12,-3.8201E+11,-98581000000,2022-06-30
032830,9.13093E+12,-4.32281E+11,-47778000000,2022-09-30
032830,8.15746E+12,3.72237E+11,4.0603E+11,2022-12-31
088350,3.75337E+12,-2.60051E+11,-20524000000,2015-12-31
088350,4.38213E+12,-32457000000,1.45737E+11,2016-03-31
088350,3.28095E+12,-58406000000,1.16716E+11,2016-06-30
088350,4.02317E+12,-17181000000,1.50368E+11,2016-09-30
088350,3.34821E+12,-3.79259E+11,-97700000000,2016-12-31
088350,4.88819E+12,5098000000,1.80859E+11,2017-03-31
088350,3.10387E+12,63634000000,2.21928E+11,2017-06-30
088350,3.40026E+12,-76698000000,1.3027E+11,2017-09-30
088350,4.56785E+12,-2.61428E+11,-7584000000,2017-12-31
088350,3.47272E+12,-1.32369E+11,1.14585E+11,2018-03-31
088350,3.99728E+12,-1.19144E+11,1.30235E+11,2018-06-30
088350,3.28817E+12,-74864000000,1.40544E+11,2018-09-30
088350,3.43167E+12,-2.60635E+11,-26096000000,2018-12-31
088350,3.77607E+12,-1.62739E+11,46587000000,2019-03-31
088350,3.99947E+12,-1.79823E+11,46820000000,2019-06-30
088350,4.29544E+12,-1.63199E+11,60933000000,2019-09-30
088350,3.09835E+12,-3.24101E+11,-39699000000,2019-12-31
088350,5.3323E+12,-1.97539E+11,47826000000,2020-03-31
088350,3.24555E+12,-46529000000,1.27988E+11,2020-06-30
088350,3.41411E+12,-1.12736E+11,65466000000,2020-09-30
088350,4.22324E+12,-2.53512E+11,-44377000000,2020-12-31
088350,4.13042E+12,-12300000000,1.94199E+11,2021-03-31
088350,3.35246E+12,-1.28174E+11,56629000000,2021-06-30
088350,4.63424E+12,-67271000000,1.03105E+11,2021-09-30
088350,3.83099E+12,-1.22417E+11,56633000000,2021-12-31
088350,3.91615E+12,-1.35744E+11,50873000000,2022-03-31
088350,4.55971E+12,-1.1506E+11,55857000000,2022-06-30
088350,6.03277E+12,-76310000000,88459000000,2022-09-30
088350,6.15375E+12,-26006000000,1.59153E+11,2022-12-31
082640,1.11164E+12,-1553000000,-709000000,2015-12-31
082640,2.22695E+12,80401000000,80972000000,2016-03-31
082640,1.80644E+12,76081000000,70854000000,2016-06-30
082640,1.82999E+12,42605000000,66245000000,2016-09-30
082640,1.44655E+12,-2.88527E+11,-2.1263E+11,2016-12-31
082640,2.28637E+12,1.33059E+11,1.15881E+11,2017-03-31
082640,1.52107E+12,60526000000,57591000000,2017-06-30
082640,1.55643E+12,-5490000000,13592000000,2017-09-30
082640,1.62095E+12,-22586000000,-2660000000,2017-12-31
082640,1.46362E+12,27092000000,41937000000,2018-03-31
082640,1.5473E+12,-6000000000,12103000000,2018-06-30
082640,1.2713E+12,-3188000000,10636000000,2018-09-30
082640,1.36141E+12,-30427000000,-13358000000,2018-12-31
082640,1.52128E+12,37578000000,37451000000,2019-03-31
082640,1.51957E+12,33982000000,33675000000,2019-06-30
082640,1.89516E+12,1.314E+11,1.086E+11,2019-09-30
082640,1.30235E+12,-41496000000,-28184000000,2019-12-31
082640,1.82197E+12,72344000000,63646000000,2020-03-31
082640,1.38929E+12,16846000000,21774000000,2020-06-30
082640,1.72816E+12,20583000000,22484000000,2020-09-30
082640,1.91504E+12,45604000000,20678000000,2020-12-31
082640,1.91063E+12,1.23618E+11,1.06523E+11,2021-03-31
082640,1.36075E+12,43438000000,39620000000,2021-06-30
082640,1.70418E+12,1.26303E+11,1.03637E+11,2021-09-30
082640,1.2934E+12,26793000000,25982000000,2021-12-31
082640,1.44133E+12,82046000000,67610000000,2022-03-31
082640,1.92322E+12,46755000000,37650000000,2022-06-30
082640,2.94538E+12,56513000000,50638000000,2022-09-30
082640,3.82992E+12,-93762000000,-58871000000,2022-12-31
000540,8.99659E+11,-3036000000,-4137000000,2015-12-31
000540,9.42015E+11,-20571000000,3656000000,2016-03-31
000540,9.23084E+11,11108000000,6151000000,2016-06-30
000540,9.80449E+11,26534000000,18510000000,2016-09-30
000540,8.96103E+11,10197000000,4027000000,2016-12-31
000540,9.84785E+11,15834000000,10949000000,2017-03-31
000540,8.70355E+11,65937000000,48189000000,2017-06-30
000540,8.64078E+11,8845000000,4655000000,2017-09-30
000540,9.302E+11,28209000000,21505000000,2017-12-31
000540,8.77243E+11,-1425000000,-3598000000,2018-03-31
000540,9.21388E+11,26857000000,18469000000,2018-06-30
000540,8.51722E+11,35003000000,22585000000,2018-09-30
000540,8.67814E+11,12164000000,12985000000,2018-12-31
000540,8.94729E+11,11071000000,5599000000,2019-03-31
000540,9.01327E+11,31587000000,23242000000,2019-06-30
000540,9.12152E+11,15035000000,9076000000,2019-09-30
000540,8.26013E+11,-4086000000,516000000,2019-12-31
000540,9.47751E+11,-5970000000,-6298000000,2020-03-31
000540,8.73494E+11,27135000000,19800000000,2020-06-30
000540,9.59808E+11,4190000000,1036000000,2020-09-30
000540,9.27565E+11,12785000000,8173000000,2020-12-31
000540,1.01324E+12,21194000000,14855000000,2021-03-31
000540,8.85317E+11,15352000000,12803000000,2021-06-30
000540,9.52333E+11,45387000000,32179000000,2021-09-30
000540,8.94681E+11,8377000000,2208000000,2021-12-31
000540,9.52872E+11,63244000000,48602000000,2022-03-31
000540,1.01335E+12,31232000000,21503000000,2022-06-30
000540,1.07247E+12,62534000000,44920000000,2022-09-30
000540,7.60231E+11,43555000000,32514000000,2022-12-31
005830,3.24662E+12,94020000000,63500000000,2015-12-31
005830,3.37249E+12,1.28226E+11,88010000000,2016-03-31
005830,3.337E+12,1.94977E+11,1.49574E+11,2016-06-30
005830,3.52487E+12,2.58126E+11,1.81723E+11,2016-09-30
005830,3.45823E+12,93997000000,50863000000,2016-12-31
005830,3.79481E+12,2.2106E+11,1.59298E+11,2017-03-31
005830,3.40257E+12,2.75655E+11,2.10509E+11,2017-06-30
005830,3.42794E+12,2.1757E+11,1.55416E+11,2017-09-30
005830,3.72337E+12,1.44724E+11,96828000000,2017-12-31
005830,3.48567E+12,1.58956E+11,1.10164E+11,2018-03-31
005830,3.74195E+12,2.69018E+11,1.89964E+11,2018-06-30
005830,3.42605E+12,2.23435E+11,1.51562E+11,2018-09-30
005830,3.59337E+12,94487000000,63102000000,2018-12-31
005830,3.63693E+12,1.2886E+11,99201000000,2019-03-31
005830,3.83448E+12,1.44869E+11,1.07049E+11,2019-06-30
005830,3.97389E+12,1.71932E+11,1.22492E+11,2019-09-30
005830,3.81052E+12,66672000000,43949000000,2019-12-31
005830,4.17804E+12,1.78577E+11,1.37593E+11,2020-03-31
005830,3.94591E+12,2.89886E+11,2.1185E+11,2020-06-30
005830,3.94318E+12,1.24665E+11,92571000000,2020-09-30
005830,4.30015E+12,90190000000,60190000000,2020-12-31
005830,4.37798E+12,2.65528E+11,1.90182E+11,2021-03-31
005830,4.19337E+12,3.21342E+11,2.35401E+11,2021-06-30
005830,4.42054E+12,3.01365E+11,2.19906E+11,2021-09-30
005830,4.26215E+12,1.77465E+11,1.31389E+11,2021-12-31
005830,4.48711E+12,3.81416E+11,2.79958E+11,2022-03-31
005830,4.8516E+12,3.76959E+11,2.826E+11,2022-06-30
005830,5.27514E+12,3.41372E+11,2.5445E+11,2022-09-30
005830,4.12688E+12,2.11233E+11,1.63559E+11,2022-12-31
000370,1.27224E+12,21660000000,12385000000,2015-12-31
000370,1.32948E+12,41122000000,28394000000,2016-03-31
000370,1.35806E+12,44255000000,31844000000,2016-06-30
000370,1.44914E+12,44526000000,32647000000,2016-09-30
000370,1.34207E+12,15683000000,19358000000,2016-12-31
000370,1.53189E+12,52819000000,37365000000,2017-03-31
000370,1.42716E+12,76316000000,56392000000,2017-06-30
000370,1.47096E+12,59423000000,42659000000,2017-09-30
000370,1.54291E+12,21005000000,12813000000,2017-12-31
000370,1.5102E+12,41956000000,29409000000,2018-03-31
000370,1.6271E+12,73813000000,52468000000,2018-06-30
000370,1.53098E+12,47257000000,33841000000,2018-09-30
000370,1.56755E+12,-40436000000,-33412000000,2018-12-31
000370,1.63416E+12,16482000000,10108000000,2019-03-31
000370,1.71058E+12,3364000000,3986000000,2019-06-30
000370,1.68864E+12,4294000000,1429000000,2019-09-30
000370,1.65266E+12,-97574000000,-76489000000,2019-12-31
000370,1.80465E+12,45585000000,33971000000,2020-03-31
000370,1.61497E+12,50380000000,36202000000,2020-06-30
000370,1.60182E+12,30804000000,20975000000,2020-09-30
000370,1.72128E+12,966000000,-2765000000,2020-12-31
000370,1.75422E+12,84108000000,62622000000,2021-03-31
000370,1.61883E+12,54933000000,40338000000,2021-06-30
000370,1.7036E+12,91320000000,65063000000,2021-09-30
000370,1.62227E+12,-18869000000,-12080000000,2021-12-31
000370,1.80026E+12,1.35181E+11,1.00083E+11,2022-03-31
000370,1.78031E+12,1.39426E+11,1.0526E+11,2022-06-30
000370,1.82953E+12,1.15681E+11,85505000000,2022-09-30
000370,1.6202E+12,85701000000,56429000000,2022-12-31
001450,3.40749E+12,-32892000000,-29999000000,2015-12-31
001450,3.42326E+12,1.25963E+11,91790000000,2016-03-31
001450,3.47472E+12,1.49525E+11,1.07133E+11,2016-06-30
001450,3.70134E+12,1.7529E+11,1.37938E+11,2016-09-30
001450,3.41958E+12,90982000000,62846000000,2016-12-31
001450,3.77808E+12,1.64276E+11,1.15473E+11,2017-03-31
001450,3.43266E+12,2.19695E+11,1.6669E+11,2017-06-30
001450,3.61384E+12,1.65903E+11,1.23867E+11,2017-09-30
001450,3.77905E+12,90222000000,66758000000,2017-12-31
001450,3.57701E+12,1.49528E+11,1.05991E+11,2018-03-31
001450,3.79508E+12,2.13612E+11,1.50493E+11,2018-06-30
001450,3.49085E+12,1.44544E+11,1.00906E+11,2018-09-30
001450,3.685E+12,6579000000,1607000000,2018-12-31
001450,3.74207E+12,1.25057E+11,77306000000,2019-03-31
001450,3.93665E+12,1.26933E+11,86566000000,2019-06-30
001450,3.99736E+12,1.14585E+11,72321000000,2019-09-30
001450,3.80584E+12,16661000000,14244000000,2019-12-31
001450,4.3376E+12,1.32579E+11,89664000000,2020-03-31
001450,3.9306E+12,1.39921E+11,94090000000,2020-06-30
001450,4.10758E+12,1.99742E+11,1.30966E+11,2020-09-30
001450,4.23786E+12,6714000000,-8577000000,2020-12-31
001450,4.31561E+12,1.897E+11,1.26462E+11,2021-03-31
001450,4.17995E+12,1.78268E+11,1.22567E+11,2021-06-30
001450,4.51638E+12,2.0242E+11,1.38647E+11,2021-09-30
001450,4.32449E+12,74496000000,50682000000,2021-12-31
001450,4.52255E+12,2.24864E+11,1.51241E+11,2022-03-31
001450,4.86763E+12,2.84456E+11,2.00149E+11,2022-06-30
001450,5.17011E+12,1.92703E+11,1.27117E+11,2022-09-30
001450,3.87355E+12,1.20924E+11,82395000000,2022-12-31
000810,4.98527E+12,1.28598E+11,72995000000,2015-12-31
000810,5.07748E+12,3.8225E+11,2.84287E+11,2016-03-31
000810,5.22178E+12,3.1256E+11,2.31347E+11,2016-06-30
000810,5.30708E+12,3.30948E+11,2.39952E+11,2016-09-30
000810,5.07237E+12,94706000000,85325000000,2016-12-31
000810,5.61279E+12,6.53503E+11,5.02998E+11,2017-03-31
000810,5.12104E+12,3.70283E+11,2.76788E+11,2017-06-30
000810,5.20507E+12,2.93641E+11,2.24633E+11,2017-09-30
000810,5.08838E+12,1.73132E+11,38453000000,2017-12-31
000810,5.17197E+12,4.3189E+11,3.01116E+11,2018-03-31
000810,5.54049E+12,5.12696E+11,3.64516E+11,2018-06-30
000810,5.17844E+12,3.4539E+11,2.37104E+11,2018-09-30
000810,5.16554E+12,2.30658E+11,1.54322E+11,2018-12-31
000810,5.26619E+12,3.30835E+11,2.30825E+11,2019-03-31
000810,5.57625E+12,2.83994E+11,1.95258E+11,2019-06-30
000810,5.55908E+12,2.44469E+11,1.5978E+11,2019-09-30
000810,5.26958E+12,55110000000,23369000000,2019-12-31
000810,5.69611E+12,2.52221E+11,1.64049E+11,2020-03-31
000810,5.60713E+12,3.87866E+11,2.69316E+11,2020-06-30
000810,5.59495E+12,2.86204E+11,1.95564E+11,2020-09-30
000810,5.54611E+12,2.05802E+11,1.37904E+11,2020-12-31
000810,5.76778E+12,5.95271E+11,4.31455E+11,2021-03-31
000810,5.53608E+12,4.52252E+11,3.12629E+11,2021-06-30
000810,5.80603E+12,3.97529E+11,2.78149E+11,2021-09-30
000810,5.52944E+12,1.05135E+11,70352000000,2021-12-31
000810,5.66263E+12,5.85221E+11,4.09081E+11,2022-03-31
000810,5.93097E+12,4.90058E+11,3.40816E+11,2022-06-30
000810,6.39069E+12,4.16147E+11,2.8269E+11,2022-09-30
000810,5.25285E+12,1.80648E+11,1.08798E+11,2022-12-31
000400,5.99171E+11,-24122000000,-5105000000,2015-12-31
000400,6.27852E+11,15238000000,11831000000,2016-03-31
000400,6.27947E+11,16456000000,13603000000,2016-06-30
000400,6.79894E+11,-16523000000,-12389000000,2016-09-30
000400,6.32973E+11,-22167000000,16009000000,2016-12-31
000400,7.28852E+11,21915000000,18399000000,2017-03-31
000400,6.45805E+11,-396000000,24450000000,2017-06-30
000400,6.62188E+11,5948000000,14327000000,2017-09-30
000400,6.73102E+11,3477000000,17470000000,2017-12-31
000400,6.82515E+11,-2626000000,13143000000,2018-03-31
000400,7.36755E+11,15576000000,25069000000,2018-06-30
000400,6.66897E+11,-14225000000,5775000000,2018-09-30
000400,6.76172E+11,-2497000000,9604000000,2018-12-31
000400,7.14285E+11,-422000000,8132000000,2019-03-31
000400,7.42212E+11,-4727000000,16123000000,2019-06-30
000400,7.82713E+11,-35521000000,-6737000000,2019-09-30
000400,6.28804E+11,-1.43687E+11,-99213000000,2019-12-31
000400,7.27043E+11,10882000000,18302000000,2020-03-31
000400,6.23912E+11,12233000000,19012000000,2020-06-30
000400,6.35876E+11,-4104000000,7204000000,2020-09-30
000400,6.88543E+11,-1.10143E+11,-1.09067E+11,2020-12-31
000400,7.5668E+11,71867000000,63685000000,2021-03-31
000400,6.31585E+11,-12262000000,36744000000,2021-06-30
000400,7.05897E+11,51798000000,65878000000,2021-09-30
000400,6.2537E+11,-11394000000,863000000,2021-12-31
000400,6.71462E+11,16683000000,30505000000,2022-03-31
000400,7.24826E+11,-716000000,17618000000,2022-06-30
000400,8.14224E+11,-23026000000,6630000000,2022-09-30
000400,5.50465E+11,-48062000000,-33563000000,2022-12-31
003690,1.67386E+12,14363000000,8798000000,2015-12-31
003690,1.64223E+12,65960000000,47243000000,2016-03-31
003690,1.84051E+12,81329000000,60394000000,2016-06-30
003690,1.66849E+12,50795000000,29942000000,2016-09-30
003690,1.77618E+12,19729000000,24960000000,2016-12-31
003690,1.76316E+12,62650000000,38883000000,2017-03-31
003690,1.91508E+12,1.24934E+11,96227000000,2017-06-30
003690,1.83202E+12,31659000000,24720000000,2017-09-30
003690,1.90381E+12,-24341000000,-27299000000,2017-12-31
003690,1.81854E+12,67243000000,53040000000,2018-03-31
003690,2.05783E+12,75004000000,56225000000,2018-06-30
003690,1.8994E+12,-15305000000,-14265000000,2018-09-30
003690,2.04386E+12,18506000000,7704000000,2018-12-31
003690,2.0307E+12,77873000000,63774000000,2019-03-31
003690,2.16404E+12,83324000000,68777000000,2019-06-30
003690,2.09896E+12,43694000000,38033000000,2019-09-30
003690,2.10985E+12,33800000000,20582000000,2019-12-31
003690,2.13932E+12,56935000000,45019000000,2020-03-31
003690,2.2516E+12,93693000000,73156000000,2020-06-30
003690,2.14395E+12,30267000000,18854000000,2020-09-30
003690,2.18019E+12,38250000000,13340000000,2020-12-31
003690,2.08762E+12,65134000000,56522000000,2021-03-31
003690,2.26052E+12,88619000000,63739000000,2021-06-30
003690,2.35083E+12,66199000000,57618000000,2021-09-30
003690,2.05694E+12,94000000,89000000,2021-12-31
003690,2.37415E+12,61858000000,46888000000,2022-03-31
003690,2.44924E+12,26360000000,20108000000,2022-06-30
003690,2.61054E+12,61949000000,64047000000,2022-09-30
003690,2.7171E+12,74129000000,44206000000,2022-12-31
016610,1.42848E+11,-7308000000,-9207000000,2015-12-31
016610,4.85846E+11,443000000,523000000,2016-03-31
016610,2.3341E+11,7220000000,5660000000,2016-06-30
016610,2.15826E+11,-11566000000,-9465000000,2016-09-30
016610,2.9397E+11,4591000000,3574000000,2016-12-31
016610,3.12943E+11,-12386000000,-10123000000,2017-03-31
016610,1.66033E+11,8465000000,6391000000,2017-06-30
016610,1.5294E+11,18121000000,13737000000,2017-09-30
016610,1.74339E+11,16420000000,-7414000000,2017-12-31
016610,2.34483E+11,29527000000,20227000000,2018-03-31
016610,1.92139E+11,23891000000,17864000000,2018-06-30
016610,1.47525E+11,19865000000,13890000000,2018-09-30
016610,1.51009E+11,-2268000000,-5127000000,2018-12-31
016610,2.31459E+11,30414000000,20791000000,2019-03-31
016610,2.1896E+11,22804000000,15699000000,2019-06-30
016610,1.86911E+11,10624000000,3819000000,2019-09-30
016610,2.34495E+11,16318000000,12627000000,2019-12-31
016610,6.22112E+11,2266000000,1081000000,2020-03-31
016610,2.56992E+11,21228000000,15897000000,2020-06-30
016610,2.84784E+11,38901000000,28655000000,2020-09-30
016610,2.70557E+11,24614000000,18330000000,2020-12-31
016610,4.40117E+11,48337000000,35628000000,2021-03-31
016610,2.84125E+11,30376000000,21504000000,2021-06-30
016610,2.76082E+11,35826000000,26094000000,2021-09-30
016610,2.78624E+11,20251000000,14423000000,2021-12-31
016610,3.54982E+11,16050000000,11568000000,2022-03-31
016610,4.04553E+11,-2591000000,-2444000000,2022-06-30
016610,4.4767E+11,7416000000,349000000,2022-09-30
016610,-1.26604E+11,-10415000000,-8579000000,2022-12-31
005940,7.12932E+11,-12032000000,-9121000000,2015-12-31
005940,3.10012E+12,89500000000,66597000000,2016-03-31
005940,1.88344E+12,80330000000,59457000000,2016-06-30
005940,2.22513E+12,93312000000,68000000000,2016-09-30
005940,1.53147E+12,22695000000,17028000000,2016-12-31
005940,3.60138E+12,1.49757E+11,1.1329E+11,2017-03-31
005940,1.45805E+12,1.28394E+11,91840000000,2017-06-30
005940,1.80713E+12,1.05593E+11,76342000000,2017-09-30
005940,2.49749E+12,1.02589E+11,72854000000,2017-12-31
005940,2.44482E+12,1.82062E+11,1.27603E+11,2018-03-31
005940,2.31967E+12,1.29387E+11,89782000000,2018-06-30
005940,1.81375E+12,1.30157E+11,91215000000,2018-09-30
005940,2.37333E+12,49228000000,15547000000,2018-12-31
005940,3.80817E+12,2.07342E+11,1.46854E+11,2019-03-31
005940,3.61201E+12,1.40359E+11,94744000000,2019-06-30
005940,3.01198E+12,1.07734E+11,76387000000,2019-09-30
005940,6.93361E+11,67296000000,1.12199E+11,2019-12-31
005940,6.6855E+12,92285000000,62544000000,2020-03-31
005940,1.89012E+12,2.39597E+11,1.64072E+11,2020-06-30
005940,1.56977E+12,2.76349E+11,1.89049E+11,2020-09-30
005940,2.14103E+12,1.15674E+11,73547000000,2020-12-31
005940,3.76474E+12,3.41424E+11,2.42619E+11,2021-03-31
005940,1.95425E+12,3.48368E+11,2.45786E+11,2021-06-30
005940,2.35907E+12,2.66491E+11,1.88902E+11,2021-09-30
005940,2.16059E+12,2.49664E+11,1.16204E+11,2021-12-31
005940,3.79164E+12,1.7077E+11,1.10169E+11,2022-03-31
005940,3.89442E+12,1.60112E+11,1.14412E+11,2022-06-30
005940,3.56292E+12,87282000000,46397000000,2022-09-30
005940,8.09826E+11,1.31987E+11,67521000000,2022-12-31
001510,95326000000,-10593000000,-11519000000,2015-12-31
001510,1.22825E+11,6613000000,5223000000,2016-03-31
001510,1.24919E+11,15732000000,11636000000,2016-06-30
001510,1.23379E+11,2767000000,119000000,2016-09-30
001510,1.0077E+11,-6864000000,-8963000000,2016-12-31
001510,1.43792E+11,13194000000,9924000000,2017-03-31
001510,1.02647E+11,14777000000,10824000000,2017-06-30
001510,92861000000,1557000000,799000000,2017-09-30
001510,1.2336E+11,1062000000,-5147000000,2017-12-31
001510,1.39876E+11,6492000000,4310000000,2018-03-31
001510,1.38328E+11,5535000000,3852000000,2018-06-30
001510,1.13343E+11,-2485000000,-1449000000,2018-09-30
001510,1.36571E+11,6279000000,3839000000,2018-12-31
001510,1.85057E+11,27485000000,20402000000,2019-03-31
001510,1.31046E+11,7034000000,5572000000,2019-06-30
001510,1.18747E+11,3878000000,4293000000,2019-09-30
001510,1.2788E+11,3852000000,2875000000,2019-12-31
001510,3.33623E+11,-10601000000,-8990000000,2020-03-31
001510,1.87728E+11,1626000000,2159000000,2020-06-30
001510,1.9828E+11,12516000000,8999000000,2020-09-30
001510,2.78034E+11,6811000000,7089000000,2020-12-31
001510,2.95444E+11,17003000000,12801000000,2021-03-31
001510,2.06162E+11,13999000000,10702000000,2021-06-30
001510,2.6155E+11,14142000000,10239000000,2021-09-30
001510,2.55315E+11,-4687000000,-6232000000,2021-12-31
001510,2.77355E+11,1085000000,-165000000,2022-03-31
001510,3.61974E+11,4049000000,5226000000,2022-06-30
001510,3.18858E+11,2778000000,1493000000,2022-09-30
001510,1.79473E+11,4137000000,-2114000000,2022-12-31
030610,1.47727E+11,20968000000,17287000000,2015-12-31
030610,3.8965E+11,25791000000,22123000000,2016-03-31
030610,2.50451E+11,30613000000,25269000000,2016-06-30
030610,2.77133E+11,25205000000,19425000000,2016-09-30
030610,1.94116E+11,-5792000000,-3350000000,2016-12-31
030610,4.16201E+11,22103000000,17972000000,2017-03-31
030610,1.54702E+11,22011000000,17550000000,2017-06-30
030610,2.16878E+11,20834000000,17247000000,2017-09-30
030610,2.92365E+11,25063000000,19595000000,2017-12-31
030610,3.4076E+11,24767000000,19288000000,2018-03-31
030610,4.02378E+11,35357000000,28729000000,2018-06-30
030610,2.12749E+11,23660000000,19810000000,2018-09-30
030610,2.90836E+11,9596000000,8478000000,2018-12-31
030610,4.25882E+11,37568000000,29514000000,2019-03-31
030610,4.22846E+11,36348000000,28457000000,2019-06-30
030610,4.03744E+11,22007000000,17256000000,2019-09-30
030610,1.92898E+11,15246000000,9788000000,2019-12-31
030610,7.89947E+11,-4791000000,-1891000000,2020-03-31
030610,2.40831E+11,55347000000,43327000000,2020-06-30
030610,2.37672E+11,43163000000,33478000000,2020-09-30
030610,4.90489E+11,44878000000,30958000000,2020-12-31
030610,7.22385E+11,60188000000,48478000000,2021-03-31
030610,3.49244E+11,55727000000,42638000000,2021-06-30
030610,7.04141E+11,53171000000,41119000000,2021-09-30
030610,4.58836E+11,15924000000,11457000000,2021-12-31
030610,1.67739E+12,30240000000,25055000000,2022-03-31
030610,1.0552E+12,26685000000,19588000000,2022-06-30
030610,1.68089E+12,30958000000,22127000000,2022-09-30
030610,-3.77267E+11,2143000000,-22170000000,2022-12-31
030210,39464000000,2977000000,878000000,2015-12-31
030210,35832000000,2130000000,2662000000,2016-03-31
030210,43963000000,9235000000,7585000000,2016-06-30
030210,43601000000,1567000000,1769000000,2016-09-30
030210,45703000000,5171000000,5127000000,2016-12-31
030210,50472000000,13388000000,12326000000,2017-03-31
030210,60883000000,11395000000,10804000000,2017-06-30
030210,55943000000,3823000000,3407000000,2017-09-30
030210,64554000000,10909000000,8952000000,2017-12-31
030210,58792000000,5728000000,5755000000,2018-03-31
030210,58105000000,4056000000,2250000000,2018-06-30
030210,45749000000,2199000000,1788000000,2018-09-30
030210,73793000000,28638000000,10572000000,2018-12-31
030210,77286000000,20333000000,17780000000,2019-03-31
030210,52575000000,4975000000,4059000000,2019-06-30
030210,74105000000,16556000000,17748000000,2019-09-30
030210,70952000000,14668000000,14261000000,2019-12-31
030210,84845000000,3149000000,3373000000,2020-03-31
030210,58827000000,8548000000,6588000000,2020-06-30
030210,90518000000,17800000000,13237000000,2020-09-30
030210,93123000000,25205000000,36187000000,2020-12-31
030210,1.67733E+11,50414000000,43819000000,2021-03-31
030210,1.2057E+11,22177000000,60143000000,2021-06-30
030210,1.23831E+11,13320000000,55918000000,2021-09-30
030210,1.09224E+11,18673000000,19624000000,2021-12-31
030210,2.85746E+11,57149000000,49793000000,2022-03-31
030210,2.87707E+11,26137000000,18978000000,2022-06-30
030210,5.43868E+11,3767000000,14039000000,2022-09-30
030210,2.59324E+11,-41710000000,-33873000000,2022-12-31
003540,2.71296E+11,8055000000,2651000000,2015-12-31
003540,1.38891E+12,24429000000,25252000000,2016-03-31
003540,7.88088E+11,5235000000,669000000,2016-06-30
003540,9.06411E+11,11466000000,7749000000,2016-09-30
003540,7.8332E+11,-15696000000,-3092000000,2016-12-31
003540,1.23258E+12,31481000000,31468000000,2017-03-31
003540,5.69909E+11,4906000000,7521000000,2017-06-30
003540,7.45532E+11,26619000000,27142000000,2017-09-30
003540,7.22047E+11,-10103000000,-4719000000,2017-12-31
003540,6.90023E+11,66430000000,59617000000,2018-03-31
003540,6.03586E+11,51918000000,43342000000,2018-06-30
003540,4.86167E+11,18527000000,21364000000,2018-09-30
003540,4.56679E+11,-9267000000,-9513000000,2018-12-31
003540,7.98247E+11,63468000000,51965000000,2019-03-31
003540,6.12574E+11,29044000000,25203000000,2019-06-30
003540,6.07981E+11,5852000000,8727000000,2019-09-30
003540,2.69504E+11,582000000,2034000000,2019-12-31
003540,1.39983E+12,51370000000,43114000000,2020-03-31
003540,2.01672E+11,-3737000000,145000000,2020-06-30
003540,3.20746E+11,73698000000,60355000000,2020-09-30
003540,3.6733E+11,1.18329E+11,66750000000,2020-12-31
003540,9.34645E+11,98923000000,81458000000,2021-03-31
003540,5.153E+11,73700000000,19862000000,2021-06-30
003540,5.09997E+11,59634000000,49256000000,2021-09-30
003540,4.72242E+11,49556000000,28081000000,2021-12-31
003540,1.09394E+12,83831000000,68938000000,2022-03-31
003540,1.02272E+12,-9640000000,-10464000000,2022-06-30
003540,8.52346E+11,-9122000000,10127000000,2022-09-30
003540,1.38322E+11,23809000000,17873000000,2022-12-31
008560,7.48181E+11,77611000000,56258000000,2015-12-31
008560,1.15581E+12,69557000000,50712000000,2016-03-31
008560,1.14123E+12,1.09287E+11,83350000000,2016-06-30
008560,9.87371E+11,82781000000,62629000000,2016-09-30
008560,1.58707E+12,66854000000,56344000000,2016-12-31
008560,1.23233E+12,1.00278E+11,78934000000,2017-03-31
008560,1.10794E+12,1.02672E+11,78571000000,2017-06-30
008560,1.25763E+12,95076000000,72272000000,2017-09-30
008560,1.40258E+12,92907000000,70348000000,2017-12-31
008560,1.82949E+12,1.13229E+11,82403000000,2018-03-31
008560,1.80787E+12,1.06324E+11,78578000000,2018-06-30
008560,1.94259E+12,1.32426E+11,94433000000,2018-09-30
008560,2.68164E+12,1.18837E+11,93537000000,2018-12-31
008560,2.68332E+12,1.52616E+11,1.19164E+11,2019-03-31
008560,2.64283E+12,2.68814E+11,2.45984E+11,2019-06-30
008560,3.02258E+12,1.00392E+11,86621000000,2019-09-30
008560,3.11908E+12,2.01091E+11,1.43929E+11,2019-12-31
008560,6.8531E+12,1.17988E+11,74542000000,2020-03-31
008560,2.54994E+12,1.95023E+11,1.2862E+11,2020-06-30
008560,2.98463E+12,1.48215E+11,1.14746E+11,2020-09-30
008560,3.55608E+12,1.91064E+11,1.05944E+11,2020-12-31
008560,4.61322E+12,2.24212E+11,1.69432E+11,2021-03-31
008560,4.61634E+12,2.02233E+11,1.48609E+11,2021-06-30
008560,5.63704E+12,1.93232E+11,1.45062E+11,2021-09-30
008560,7.72818E+12,2.40777E+11,2.18508E+11,2021-12-31
008560,1.0539E+13,2.71951E+11,1.92644E+11,2022-03-31
008560,1.42311E+13,1.82353E+11,1.34081E+11,2022-06-30
008560,1.71971E+13,1.90929E+11,1.42033E+11,2022-09-30
008560,1.41968E+13,3.80116E+11,3.00287E+11,2022-12-31
006800,3.09011E+11,26369000000,16118000000,2015-12-31
006800,1.70279E+12,61951000000,47153000000,2016-03-31
006800,1.08555E+12,48927000000,39525000000,2016-06-30
006800,1.24673E+12,59490000000,47691000000,2016-09-30
006800,1.10393E+11,-1.27076E+11,-1.06547E+11,2016-12-31
006800,2.91278E+12,91469000000,70256000000,2017-03-31
006800,1.9508E+12,1.65899E+11,1.26289E+11,2017-06-30
006800,2.02916E+12,1.64893E+11,1.25674E+11,2017-09-30
006800,2.57207E+12,1.30959E+11,1.02209E+11,2017-12-31
006800,3.03161E+12,1.81608E+11,1.71866E+11,2018-03-31
006800,3.39289E+12,2.25465E+11,1.45719E+11,2018-06-30
006800,1.85193E+12,90947000000,64541000000,2018-09-30
006800,3.00088E+12,43208000000,51960000000,2018-12-31
006800,3.99877E+12,81114000000,67494000000,2019-03-31
006800,3.58602E+12,2.16022E+11,1.50678E+11,2019-06-30
006800,3.34495E+12,1.69504E+11,1.32741E+11,2019-09-30
006800,1.83254E+12,1.35624E+11,97808000000,2019-12-31
006800,8.44376E+12,92303000000,64742000000,2020-03-31
006800,1.25923E+12,3.33023E+11,2.48665E+11,2020-06-30
006800,2.24962E+12,2.85679E+11,2.01382E+11,2020-09-30
006800,3.24284E+12,3.99123E+11,75943000000,2020-12-31
006800,4.39018E+12,4.08502E+11,2.48022E+11,2021-03-31
006800,2.18174E+12,2.72311E+11,1.9131E+11,2021-06-30
006800,3.11905E+12,5.33458E+11,3.78334E+11,2021-09-30
006800,2.12192E+12,3.44466E+11,7499000000,2021-12-31
006800,4.87469E+12,3.26584E+11,1.86539E+11,2022-03-31
006800,5.13875E+12,1.18323E+11,1.09251E+11,2022-06-30
006800,5.90415E+12,78592000000,46703000000,2022-09-30
006800,8.43841E+11,30352000000,59101000000,2022-12-31
001270,1.40162E+11,3044000000,2792000000,2015-12-31
001270,1.62323E+11,13377000000,10420000000,2016-03-31
001270,1.85992E+11,10692000000,8526000000,2016-06-30
001270,1.65488E+11,6097000000,4976000000,2016-09-30
001270,2.28253E+11,1930000000,1619000000,2016-12-31
001270,1.59273E+11,16176000000,12745000000,2017-03-31
001270,1.5792E+11,14732000000,11677000000,2017-06-30
001270,1.16183E+11,8422000000,6436000000,2017-09-30
001270,1.18302E+11,2220000000,1904000000,2017-12-31
001270,1.64146E+11,11920000000,9462000000,2018-03-31
001270,1.41108E+11,9686000000,7948000000,2018-06-30
001270,1.27286E+11,8122000000,6482000000,2018-09-30
001270,1.77582E+11,4955000000,3039000000,2018-12-31
001270,1.32358E+11,8412000000,6747000000,2019-03-31
001270,1.28271E+11,9819000000,7659000000,2019-06-30
001270,1.98663E+11,6855000000,5187000000,2019-09-30
001270,1.34021E+11,5416000000,4043000000,2019-12-31
001270,3.08821E+11,14660000000,11165000000,2020-03-31
001270,1.75168E+11,16027000000,12229000000,2020-06-30
001270,1.86332E+11,19871000000,15736000000,2020-09-30
001270,1.71966E+11,17067000000,12233000000,2020-12-31
001270,2.03513E+11,24728000000,19944000000,2021-03-31
001270,1.59337E+11,23800000000,17777000000,2021-06-30
001270,1.84619E+11,34280000000,26579000000,2021-09-30
001270,1.71252E+11,9497000000,6241000000,2021-12-31
001270,1.89267E+11,21044000000,16006000000,2022-03-31
001270,2.52128E+11,19255000000,14287000000,2022-06-30
001270,3.00191E+11,14927000000,10838000000,2022-09-30
001270,2.2087E+11,6607000000,4626000000,2022-12-31
016360,5.24355E+11,27575000000,14396000000,2015-12-31
016360,1.53093E+12,61904000000,46216000000,2016-03-31
016360,9.29279E+11,63193000000,47987000000,2016-06-30
016360,1.05754E+12,60120000000,46186000000,2016-09-30
016360,8.43372E+11,11788000000,22953000000,2016-12-31
016360,1.44944E+12,73938000000,55671000000,2017-03-31
016360,8.01018E+11,83662000000,63536000000,2017-06-30
016360,1.02266E+12,1.09799E+11,83301000000,2017-09-30
016360,1.15029E+12,76578000000,54358000000,2017-12-31
016360,1.28988E+12,1.8284E+11,1.35548E+11,2018-03-31
016360,1.14673E+12,1.25698E+11,91701000000,2018-06-30
016360,9.38396E+11,88804000000,61596000000,2018-09-30
016360,1.4285E+12,45861000000,31888000000,2018-12-31
016360,2.14743E+12,1.41398E+11,1.09934E+11,2019-03-31
016360,1.52545E+12,1.25884E+11,91182000000,2019-06-30
016360,1.48545E+12,1.17188E+11,86277000000,2019-09-30
016360,1.36885E+12,1.09343E+11,82821000000,2019-12-31
016360,5.79348E+12,8811000000,9030000000,2020-03-31
016360,7.99974E+11,1.65265E+11,1.21595E+11,2020-06-30
016360,1.55152E+12,3.07869E+11,2.23893E+11,2020-09-30
016360,2.67166E+12,1.59088E+11,1.18627E+11,2020-12-31
016360,3.26886E+12,3.93956E+11,2.81831E+11,2021-03-31
016360,1.9007E+12,3.48971E+11,2.5608E+11,2021-06-30
016360,2.51726E+12,3.57802E+11,2.61863E+11,2021-09-30
016360,1.97835E+12,1.8783E+11,1.36967E+11,2021-12-31
016360,3.81016E+12,2.15157E+11,1.50517E+11,2022-03-31
016360,3.93065E+12,1.62717E+11,1.18935E+11,2022-06-30
016360,4.56615E+12,1.44628E+11,1.13832E+11,2022-09-30
016360,8.15079E+11,-133000000,-5775000000,2022-12-31
001290,15049000000,-2299000000,-2376000000,2015-12-31
001290,20183000000,1144000000,-492000000,2016-03-31
001290,17847000000,77000000,158000000,2016-06-30
001290,14235000000,-549000000,-293000000,2016-09-30
001290,11917000000,-3298000000,-2991000000,2016-12-31
001290,11712000000,114000000,62000000,2017-03-31
001290,12335000000,390000000,426000000,2017-06-30
001290,12085000000,-183000000,-312000000,2017-09-30
001290,10302000000,-2883000000,-4109000000,2017-12-31
001290,11308000000,45000000,-272000000,2018-03-31
001290,7192000000,-2395000000,-1948000000,2018-06-30
001290,5615000000,-4820000000,-4875000000,2018-09-30
001290,10139000000,-641000000,-3423000000,2018-12-31
001290,7377000000,265000000,-2140000000,2019-03-31
001290,7807000000,-2454000000,-1805000000,2019-06-30
001290,9444000000,-3283000000,-3496000000,2019-09-30
001290,10209000000,2032000000,1845000000,2019-12-31
001290,12361000000,2954000000,2425000000,2020-03-31
001290,10251000000,3039000000,2691000000,2020-06-30
001290,7517000000,-655000000,-682000000,2020-09-30
001290,6985000000,-815000000,-397000000,2020-12-31
001290,9822000000,2618000000,2588000000,2021-03-31
001290,11508000000,3881000000,3673000000,2021-06-30
001290,10622000000,3218000000,595000000,2021-09-30
001290,14057000000,4732000000,-682000000,2021-12-31
001290,13407000000,3501000000,3592000000,2022-03-31
001290,9946000000,-3840000000,-442000000,2022-06-30
001290,9332000000,-4301000000,-3343000000,2022-09-30
001290,18178000000,3794000000,3949000000,2022-12-31
001720,10992000000,-2868000000,-3994000000,2015-12-31
001720,4.79491E+11,1931000000,3132000000,2016-03-31
001720,5.00774E+11,38459000000,32354000000,2016-06-30
001720,4.92665E+11,4298000000,4642000000,2016-09-30
001720,4.0861E+11,5165000000,6982000000,2016-12-31
001720,5.24728E+11,19041000000,13569000000,2017-03-31
001720,4.30087E+11,37877000000,32110000000,2017-06-30
001720,4.06375E+11,11816000000,9497000000,2017-09-30
001720,4.03931E+11,14393000000,11400000000,2017-12-31
001720,3.72486E+11,34398000000,16172000000,2018-03-31
001720,7.20332E+11,63660000000,49390000000,2018-06-30
001720,2.10814E+11,14066000000,11393000000,2018-09-30
001720,5.87185E+11,-1021000000,-116000000,2018-12-31
001720,1.16828E+11,15556000000,12426000000,2019-03-31
001720,6.92797E+11,37501000000,33192000000,2019-06-30
001720,3.997E+11,1559000000,330000000,2019-09-30
001720,2.14724E+11,38015000000,33155000000,2019-12-31
001720,1.22513E+12,-65656000000,-43468000000,2020-03-31
001720,9.79895E+11,66252000000,47906000000,2020-06-30
001720,5.40175E+11,45843000000,35862000000,2020-09-30
001720,8.83726E+11,75620000000,55331000000,2020-12-31
001720,3.82042E+11,33338000000,29968000000,2021-03-31
001720,5.43178E+11,59222000000,45894000000,2021-06-30
001720,6.3848E+11,14283000000,14408000000,2021-09-30
001720,2.9947E+11,668000000,736000000,2021-12-31
001720,5.6281E+11,37088000000,31978000000,2022-03-31
001720,9.99602E+11,-24829000000,-24652000000,2022-06-30
001720,1.16426E+12,18456000000,26995000000,2022-09-30
001720,-3.08065E+11,17735000000,14023000000,2022-12-31
003470,2.03017E+11,-10046000000,698000000,2015-12-31
003470,3.67705E+11,-2333000000,1259000000,2016-03-31
003470,3.25292E+11,3902000000,5228000000,2016-06-30
003470,3.82908E+11,7123000000,12913000000,2016-09-30
003470,3.64958E+11,2049000000,1294000000,2016-12-31
003470,4.66616E+11,8885000000,7596000000,2017-03-31
003470,4.26363E+11,10949000000,13521000000,2017-06-30
003470,4.16841E+11,12568000000,21683000000,2017-09-30
003470,5.98569E+11,20594000000,24213000000,2017-12-31
003470,5.17556E+11,28404000000,29019000000,2018-03-31
003470,4.63384E+11,29133000000,42531000000,2018-06-30
003470,4.03492E+11,18097000000,19987000000,2018-09-30
003470,6.3693E+11,16148000000,11370000000,2018-12-31
003470,7.19391E+11,24765000000,21697000000,2019-03-31
003470,4.49416E+11,19491000000,20269000000,2019-06-30
003470,4.54997E+11,19541000000,17208000000,2019-09-30
003470,4.87438E+11,9351000000,18608000000,2019-12-31
003470,1.53462E+12,4939000000,4807000000,2020-03-31
003470,2.99285E+11,17948000000,13554000000,2020-06-30
003470,2.7166E+11,52574000000,35208000000,2020-09-30
003470,5.71343E+11,40776000000,38064000000,2020-12-31
003470,7.41391E+11,1.39625E+11,1.06021E+11,2021-03-31
003470,5.23377E+11,67878000000,45087000000,2021-06-30
003470,5.18622E+11,55366000000,38141000000,2021-09-30
003470,5.125E+11,64920000000,-49948000000,2021-12-31
003470,6.44506E+11,20567000000,24338000000,2022-03-31
003470,6.70629E+11,-7048000000,-5079000000,2022-06-30
003470,8.10541E+11,24723000000,16004000000,2022-09-30
003470,3.23915E+11,11378000000,3395000000,2022-12-31
001200,1.17523E+11,4598000000,3133000000,2015-12-31
001200,1.55072E+11,10909000000,8626000000,2016-03-31
001200,1.51242E+11,17219000000,15183000000,2016-06-30
001200,1.37047E+11,12248000000,9464000000,2016-09-30
001200,1.71773E+11,13389000000,12583000000,2016-12-31
001200,1.81842E+11,28787000000,25453000000,2017-03-31
001200,1.49811E+11,14976000000,10455000000,2017-06-30
001200,1.36642E+11,18274000000,14126000000,2017-09-30
001200,1.86545E+11,18678000000,14917000000,2017-12-31
001200,2.18465E+11,18965000000,13594000000,2018-03-31
001200,1.79037E+11,24730000000,18490000000,2018-06-30
001200,1.25751E+11,8740000000,6557000000,2018-09-30
001200,2.00804E+11,10991000000,7040000000,2018-12-31
001200,1.86802E+11,13658000000,9975000000,2019-03-31
001200,1.95587E+11,10642000000,8295000000,2019-06-30
001200,2.93872E+11,16282000000,11457000000,2019-09-30
001200,2.01286E+11,5919000000,4037000000,2019-12-31
001200,4.7521E+11,29562000000,19999000000,2020-03-31
001200,3.55237E+11,31894000000,25767000000,2020-06-30
001200,2.0073E+11,26689000000,20385000000,2020-09-30
001200,2.86681E+11,19688000000,14690000000,2020-12-31
001200,3.98545E+11,36893000000,27862000000,2021-03-31
001200,2.31095E+11,34257000000,26112000000,2021-06-30
001200,2.57512E+11,17124000000,12578000000,2021-09-30
001200,2.70707E+11,18798000000,13525000000,2021-12-31
001200,4.92271E+11,15624000000,11560000000,2022-03-31
001200,3.62007E+11,32083000000,24980000000,2022-06-30
001200,4.85467E+11,-3033000000,-1840000000,2022-09-30
001200,1.16759E+11,-33360000000,-31022000000,2022-12-31
003460,7928000000,4260000000,3923000000,2015-12-31
003460,4832000000,1768000000,2030000000,2016-03-31
003460,6180000000,2964000000,3139000000,2016-06-30
003460,4348000000,1179000000,1510000000,2016-09-30
003460,3537000000,342000000,976000000,2016-12-31
003460,4177000000,1066000000,1395000000,2017-03-31
003460,7994000000,5491000000,4954000000,2017-06-30
003460,3295000000,414000000,964000000,2017-09-30
003460,3376000000,283000000,569000000,2017-12-31
003460,6976000000,3069000000,2867000000,2018-03-31
003460,6468000000,2645000000,2549000000,2018-06-30
003460,4082000000,1038000000,1130000000,2018-09-30
003460,3441000000,-1176000000,-542000000,2018-12-31
003460,6727000000,2745000000,2454000000,2019-03-31
003460,6271000000,3293000000,3007000000,2019-06-30
003460,4132000000,395000000,577000000,2019-09-30
003460,3536000000,-187000000,184000000,2019-12-31
003460,4580000000,-2201000000,-1299000000,2020-03-31
003460,7907000000,6230000000,5345000000,2020-06-30
003460,3821000000,1420000000,1537000000,2020-09-30
003460,4424000000,-849000000,-359000000,2020-12-31
003460,10220000000,6786000000,6081000000,2021-03-31
003460,5527000000,2100000000,2564000000,2021-06-30
003460,2935000000,-1105000000,121000000,2021-09-30
003460,3570000000,-231000000,829000000,2021-12-31
003460,9610000000,4737000000,5383000000,2022-03-31
003460,3849000000,-2877000000,-678000000,2022-06-30
003460,4633000000,-1111000000,895000000,2022-09-30
003460,3970000000,-3633000000,-1404000000,2022-12-31
078020,1.49429E+11,5882000000,7555000000,2015-12-31
078020,1.74211E+11,6911000000,5033000000,2016-03-31
078020,1.70629E+11,10590000000,8145000000,2016-06-30
078020,1.64997E+11,6166000000,4719000000,2016-09-30
078020,1.48597E+11,8520000000,6465000000,2016-12-31
078020,1.50641E+11,9596000000,6733000000,2017-03-31
078020,1.82514E+11,21541000000,17059000000,2017-06-30
078020,1.49468E+11,7377000000,5556000000,2017-09-30
078020,1.72557E+11,12605000000,9495000000,2017-12-31
078020,2.79621E+11,22760000000,19517000000,2018-03-31
078020,2.68391E+11,14749000000,10370000000,2018-06-30
078020,2.07971E+11,9527000000,6855000000,2018-09-30
078020,2.88845E+11,793000000,-2190000000,2018-12-31
078020,2.58075E+11,24480000000,18640000000,2019-03-31
078020,2.51204E+11,18600000000,14013000000,2019-06-30
078020,2.99259E+11,8563000000,6565000000,2019-09-30
078020,2.78541E+11,19122000000,12762000000,2019-12-31
078020,6.60918E+11,14239000000,11016000000,2020-03-31
078020,3.79677E+11,39939000000,31314000000,2020-06-30
078020,4.69752E+11,55252000000,45383000000,2020-09-30
078020,4.94474E+11,44804000000,37698000000,2020-12-31
078020,4.9215E+11,65312000000,49122000000,2021-03-31
078020,3.54818E+11,61239000000,45461000000,2021-06-30
078020,3.66699E+11,52889000000,38357000000,2021-09-30
078020,3.27096E+11,46006000000,27736000000,2021-12-31
078020,3.40827E+11,31506000000,22269000000,2022-03-31
078020,3.46388E+11,19811000000,14868000000,2022-06-30
078020,3.72337E+11,8964000000,7597000000,2022-09-30
078020,2.88499E+11,-18670000000,-15111000000,2022-12-31
190650,7555000000,16981000000,1918000000,2015-12-31
190650,5033000000,23175000000,3126000000,2016-03-31
190650,8145000000,23195000000,3145000000,2016-06-30
190650,4719000000,22761000000,2770000000,2016-09-30
190650,6465000000,28418000000,1685000000,2016-12-31
190650,6733000000,18737000000,909000000,2017-03-31
190650,17059000000,23359000000,3376000000,2017-06-30
190650,5556000000,23244000000,-271000000,2017-09-30
190650,9495000000,32223000000,5544000000,2017-12-31
190650,19517000000,35289000000,-255000000,2018-03-31
190650,10370000000,41702000000,5391000000,2018-06-30
190650,6855000000,42923000000,1153000000,2018-09-30
190650,-2190000000,48890000000,2508000000,2018-12-31
190650,18640000000,32446000000,-1025000000,2019-03-31
190650,14013000000,49046000000,4609000000,2019-06-30
190650,6565000000,44472000000,46000000,2019-09-30
190650,12762000000,38766000000,1335000000,2019-12-31
190650,11016000000,86004000000,3432000000,2020-03-31
190650,31314000000,36589000000,3077000000,2020-06-30
190650,45383000000,41396000000,5739000000,2020-09-30
190650,37698000000,35570000000,2575000000,2020-12-31
190650,49122000000,46441000000,4901000000,2021-03-31
190650,45461000000,46771000000,6140000000,2021-06-30
190650,38357000000,50114000000,4520000000,2021-09-30
190650,27736000000,61383000000,9933000000,2021-12-31
190650,22269000000,58338000000,926000000,2022-03-31
190650,14868000000,64662000000,1005000000,2022-06-30
190650,7597000000,67317000000,-1796000000,2022-09-30
190650,-15111000000,37789000000,-277000000,2022-12-31
039490,1.34733E+11,12447000000,11206000000,2015-12-31
039490,1.9925E+11,54259000000,48377000000,2016-03-31
039490,1.63816E+11,35374000000,30626000000,2016-06-30
039490,1.81943E+11,39154000000,28505000000,2016-09-30
039490,2.39723E+11,47038000000,32974000000,2016-12-31
039490,2.45282E+11,54556000000,51744000000,2017-03-31
039490,2.18522E+11,69143000000,52285000000,2017-06-30
039490,2.20257E+11,30832000000,23906000000,2017-09-30
039490,3.1391E+11,73198000000,55389000000,2017-12-31
039490,4.50074E+11,92620000000,81991000000,2018-03-31
039490,3.97799E+11,68864000000,60810000000,2018-06-30
039490,3.98646E+11,57049000000,43637000000,2018-09-30
039490,6.04987E+11,13575000000,4362000000,2018-12-31
039490,5.65705E+11,1.60756E+11,1.33517E+11,2019-03-31
039490,5.3442E+11,45287000000,38015000000,2019-06-30
039490,5.71097E+11,55436000000,45759000000,2019-09-30
039490,6.1333E+11,88286000000,68710000000,2019-12-31
039490,1.78912E+12,33161000000,43502000000,2020-03-31
039490,6.97331E+11,2.36492E+11,1.74281E+11,2020-06-30
039490,9.3678E+11,2.75796E+11,2.07173E+11,2020-09-30
039490,4.21285E+11,2.28252E+11,1.41031E+11,2020-12-31
039490,1.21883E+12,2.7616E+11,2.23298E+11,2021-03-31
039490,8.30689E+11,2.15587E+11,1.69603E+11,2021-06-30
039490,1.09444E+12,2.5801E+11,1.97472E+11,2021-09-30
039490,1.88366E+12,1.99699E+11,1.82117E+11,2021-12-31
039490,1.73297E+12,1.91013E+11,1.61161E+11,2022-03-31
039490,2.16121E+12,1.23505E+11,1.02269E+11,2022-06-30
039490,2.43928E+12,1.62582E+11,1.29389E+11,2022-09-30
039490,1.6982E+12,1.68645E+11,1.00286E+11,2022-12-31
001750,38936000000,1741000000,-557000000,2015-12-31
001750,49078000000,3280000000,2811000000,2016-03-31
001750,45856000000,2381000000,1807000000,2016-06-30
001750,47632000000,2760000000,2449000000,2016-09-30
001750,44782000000,441000000,-141000000,2016-12-31
001750,45333000000,1664000000,1497000000,2017-03-31
001750,40872000000,2585000000,2139000000,2017-06-30
001750,38631000000,-544000000,-322000000,2017-09-30
001750,45781000000,2398000000,1589000000,2017-12-31
001750,53728000000,2672000000,2215000000,2018-03-31
001750,53421000000,3957000000,3347000000,2018-06-30
001750,48509000000,-16000000,98000000,2018-09-30
001750,49424000000,-992000000,-1006000000,2018-12-31
001750,51553000000,5732000000,4217000000,2019-03-31
001750,76110000000,9200000000,7006000000,2019-06-30
001750,95409000000,8054000000,6742000000,2019-09-30
001750,87335000000,6607000000,4196000000,2019-12-31
001750,1.36895E+11,13496000000,9096000000,2020-03-31
001750,97857000000,14304000000,10853000000,2020-06-30
001750,1.32212E+11,24646000000,18836000000,2020-09-30
001750,1.10184E+11,11810000000,7145000000,2020-12-31
001750,2.05525E+11,35953000000,24492000000,2021-03-31
001750,2.30116E+11,35912000000,25773000000,2021-06-30
001750,2.21948E+11,24944000000,17073000000,2021-09-30
001750,2.16577E+11,19430000000,12106000000,2021-12-31
001750,2.73766E+11,20848000000,14168000000,2022-03-31
001750,2.89378E+11,10804000000,8152000000,2022-06-30
001750,3.07074E+11,5425000000,3352000000,2022-09-30
001750,2.46926E+11,120000000,-1639000000,2022-12-31
003530,1.31004E+11,-47738000000,-34714000000,2015-12-31
003530,7.46895E+11,-91212000000,-69806000000,2016-03-31
003530,1.48483E+11,-99840000000,-73622000000,2016-06-30
003530,4.51698E+11,5491000000,4109000000,2016-09-30
003530,2.20225E+11,-7304000000,-26399000000,2016-12-31
003530,5.978E+11,22747000000,17739000000,2017-03-31
003530,2.49195E+11,21253000000,16171000000,2017-06-30
003530,4.31354E+11,8831000000,6550000000,2017-09-30
003530,4.15454E+11,7594000000,3509000000,2017-12-31
003530,6.36776E+11,33256000000,25540000000,2018-03-31
003530,4.79491E+11,26037000000,19489000000,2018-06-30
003530,3.25206E+11,26703000000,19879000000,2018-09-30
003530,4.33601E+11,11943000000,7841000000,2018-12-31
003530,5.01697E+11,39823000000,29823000000,2019-03-31
003530,3.88409E+11,30056000000,22714000000,2019-06-30
003530,3.62796E+11,20490000000,16059000000,2019-09-30
003530,2.94597E+11,21262000000,32593000000,2019-12-31
003530,1.29903E+12,-50461000000,-38728000000,2020-03-31
003530,3.36282E+11,44086000000,32361000000,2020-06-30
003530,4.44071E+11,64210000000,48773000000,2020-09-30
003530,6.26264E+11,40925000000,20205000000,2020-12-31
003530,8.17792E+11,66300000000,48412000000,2021-03-31
003530,3.09389E+11,30798000000,25920000000,2021-06-30
003530,4.179E+11,42207000000,31141000000,2021-09-30
003530,3.15625E+11,63335000000,36294000000,2021-12-31
003530,5.03967E+11,50530000000,39473000000,2022-03-31
003530,5.68648E+11,-4556000000,-5830000000,2022-06-30
003530,7.02549E+11,6141000000,51000000,2022-09-30
003530,2.83972E+11,1745000000,-57225000000,2022-12-31
001500,99426000000,7094000000,4244000000,2015-12-31
001500,1.54184E+11,22307000000,17132000000,2016-03-31
001500,1.29984E+11,17563000000,13574000000,2016-06-30
001500,1.26683E+11,15987000000,12053000000,2016-09-30
001500,1.22291E+11,-1881000000,-1850000000,2016-12-31
001500,1.34509E+11,19174000000,14886000000,2017-03-31
001500,1.22342E+11,19358000000,14452000000,2017-06-30
001500,1.30997E+11,32929000000,24861000000,2017-09-30
001500,1.14683E+11,6501000000,4705000000,2017-12-31
001500,1.40559E+11,25803000000,17794000000,2018-03-31
001500,1.60912E+11,11394000000,9713000000,2018-06-30
001500,1.41897E+11,27762000000,20694000000,2018-09-30
001500,1.4944E+11,4208000000,3267000000,2018-12-31
001500,1.93734E+11,29268000000,21213000000,2019-03-31
001500,1.68742E+11,24233000000,17379000000,2019-06-30
001500,1.56963E+11,19102000000,13699000000,2019-09-30
001500,1.59833E+11,10024000000,7551000000,2019-12-31
001500,3.14458E+11,34830000000,25889000000,2020-03-31
001500,1.17749E+11,40454000000,28249000000,2020-06-30
001500,2.04347E+11,55413000000,41349000000,2020-09-30
001500,1.89569E+11,-13032000000,-10998000000,2020-12-31
001500,2.40845E+11,57414000000,41514000000,2021-03-31
001500,1.82461E+11,42212000000,31087000000,2021-06-30
001500,2.5197E+11,40959000000,30269000000,2021-09-30
001500,1.63152E+11,14865000000,13859000000,2021-12-31
001500,2.37911E+11,38528000000,29317000000,2022-03-31
001500,3.34851E+11,44920000000,33663000000,2022-06-30
001500,4.17283E+11,26906000000,19873000000,2022-09-30
001500,1.57771E+11,-3310000000,-2680000000,2022-12-31
029780,9.55857E+11,89803000000,78800000000,2015-12-31
029780,8.61334E+11,1.31698E+11,1.00535E+11,2016-03-31
029780,8.5808E+11,1.09067E+11,83089000000,2016-06-30
029780,8.9094E+11,1.28318E+11,97770000000,2016-09-30
029780,9.34333E+11,85433000000,66578000000,2016-12-31
029780,9.40333E+11,1.46299E+11,1.11726E+11,2017-03-31
029780,9.20072E+11,1.30374E+11,99599000000,2017-06-30
029780,9.42821E+11,1.19362E+11,91388000000,2017-09-30
029780,9.48029E+11,1.03781E+11,82222000000,2017-12-31
029780,1.02448E+12,1.47173E+11,1.10661E+11,2018-03-31
029780,1.01004E+12,1.14774E+11,82226000000,2018-06-30
029780,1.00618E+12,1.07271E+11,79480000000,2018-09-30
029780,3.73247E+11,98209000000,71550000000,2018-12-31
029780,8.82751E+11,1.47263E+11,1.20988E+11,2019-03-31
029780,8.28449E+11,94095000000,69480000000,2019-06-30
029780,8.20022E+11,1.20124E+11,90517000000,2019-09-30
029780,8.39607E+11,81816000000,61572000000,2019-12-31
029780,8.53814E+11,1.49782E+11,1.11805E+11,2020-03-31
029780,8.38827E+11,1.44968E+11,1.08337E+11,2020-06-30
029780,8.45378E+11,1.69917E+11,1.26656E+11,2020-09-30
029780,8.62349E+11,64091000000,49061000000,2020-12-31
029780,8.95287E+11,1.85467E+11,1.38122E+11,2021-03-31
029780,8.91961E+11,1.91797E+11,1.41709E+11,2021-06-30
029780,8.96165E+11,1.88202E+11,1.37756E+11,2021-09-30
029780,9.29557E+11,1.81495E+11,1.33472E+11,2021-12-31
029780,9.31394E+11,2.16952E+11,1.60719E+11,2022-03-31
029780,9.44888E+11,2.07443E+11,1.53551E+11,2022-06-30
029780,9.48862E+11,1.91109E+11,1.40097E+11,2022-09-30
029780,1.00912E+12,2.28436E+11,1.62783E+11,2022-12-31
123890,23389000000,8546000000,5301000000,2015-12-31
123890,22509000000,15347000000,11726000000,2016-03-31
123890,26946000000,17189000000,13112000000,2016-06-30
123890,31326000000,22580000000,17071000000,2016-09-30
123890,36937000000,26633000000,20535000000,2016-12-31
123890,43643000000,33100000000,24358000000,2017-03-31
123890,46487000000,37588000000,28598000000,2017-06-30
123890,53470000000,36248000000,27556000000,2017-09-30
123890,57999000000,44565000000,33841000000,2017-12-31
123890,45882000000,28262000000,21754000000,2018-03-31
123890,50954000000,35436000000,26962000000,2018-06-30
123890,52235000000,24836000000,18996000000,2018-09-30
123890,55490000000,34321000000,25462000000,2018-12-31
123890,52381000000,28398000000,21827000000,2019-03-31
123890,53270000000,19650000000,17531000000,2019-06-30
123890,50661000000,28302000000,22140000000,2019-09-30
123890,49577000000,25547000000,18100000000,2019-12-31
123890,51874000000,35137000000,26748000000,2020-03-31
123890,56832000000,39570000000,30139000000,2020-06-30
123890,49639000000,40528000000,30741000000,2020-09-30
123890,60106000000,47558000000,34944000000,2020-12-31
123890,44467000000,26788000000,20264000000,2021-03-31
123890,41049000000,31746000000,23920000000,2021-06-30
123890,36965000000,23449000000,17724000000,2021-09-30
123890,45318000000,31152000000,19665000000,2021-12-31
123890,45560000000,29421000000,22653000000,2022-03-31
123890,37949000000,23000000000,17489000000,2022-06-30
123890,40997000000,25937000000,20042000000,2022-09-30
123890,41714000000,22776000000,14141000000,2022-12-31
034830,32870000000,15900000000,11419000000,2015-12-31
034830,41364000000,22539000000,18251000000,2016-03-31
034830,39488000000,27404000000,20937000000,2016-06-30
034830,38472000000,30336000000,23076000000,2016-09-30
034830,45798000000,30407000000,23659000000,2016-12-31
034830,48919000000,36366000000,27951000000,2017-03-31
034830,60171000000,43331000000,32666000000,2017-06-30
034830,58368000000,41747000000,31845000000,2017-09-30
034830,61921000000,45858000000,34217000000,2017-12-31
034830,69606000000,55430000000,43400000000,2018-03-31
034830,63095000000,43887000000,31467000000,2018-06-30
034830,60622000000,43612000000,31267000000,2018-09-30
034830,61039000000,41501000000,27334000000,2018-12-31
034830,59471000000,40241000000,28893000000,2019-03-31
034830,61984000000,40586000000,29614000000,2019-06-30
034830,63093000000,36895000000,22142000000,2019-09-30
034830,55007000000,19330000000,10089000000,2019-12-31
034830,47619000000,27865000000,20381000000,2020-03-31
034830,46567000000,19928000000,10044000000,2020-06-30
034830,49441000000,19948000000,14655000000,2020-09-30
034830,65487000000,23285000000,17165000000,2020-12-31
034830,37431000000,11586000000,9010000000,2021-03-31
034830,63355000000,34185000000,28357000000,2021-06-30
034830,59105000000,39857000000,29492000000,2021-09-30
034830,45187000000,2617000000,1301000000,2021-12-31
034830,36805000000,11385000000,8248000000,2022-03-31
034830,53340000000,19756000000,14547000000,2022-06-30
034830,43831000000,18105000000,12927000000,2022-09-30
034830,54268000000,-123000000,5678000000,2022-12-31
021880,4330000000,-153000000,-1121000000,2015-12-31
021880,3293000000,3023000000,3021000000,2016-03-31
021880,1846000000,-258000000,-258000000,2016-06-30
021880,1637000000,-1705000000,-1705000000,2016-09-30
021880,2177000000,-1455000000,-1455000000,2016-12-31
021880,2946000000,-2652000000,-2652000000,2017-03-31
021880,4822000000,-2027000000,-2027000000,2017-06-30
021880,4160000000,-2027000000,-2027000000,2017-09-30
021880,8124000000,4387000000,4387000000,2017-12-31
021880,3922000000,202000000,202000000,2018-03-31
021880,558000000,-1867000000,-1867000000,2018-06-30
021880,5563000000,1694000000,1694000000,2018-09-30
021880,412000000,-1351000000,-1351000000,2018-12-31
021880,886000000,-3224000000,-3224000000,2019-03-31
021880,2757000000,891000000,796000000,2019-06-30
021880,677000000,-2584000000,-2584000000,2019-09-30
021880,4144000000,1709000000,1804000000,2019-12-31
021880,1056000000,-6956000000,-6956000000,2020-03-31
021880,260000000,-568000000,-568000000,2020-06-30
021880,2646000000,1732000000,1732000000,2020-09-30
021880,1066000000,-14000000,-14000000,2020-12-31
021880,1685000000,486000000,486000000,2021-03-31
021880,779000000,-541000000,-541000000,2021-06-30
021880,640000000,-275000000,-275000000,2021-09-30
021880,893000000,-264000000,-264000000,2021-12-31
021880,1578000000,-584000000,-584000000,2022-03-31
021880,762000000,-722000000,-722000000,2022-06-30
021880,619000000,-707000000,-705000000,2022-09-30
021880,291000000,-1527000000,-1527000000,2022-12-31
023760,23753000000,4954000000,3831000000,2015-12-31
023760,24343000000,5847000000,4529000000,2016-03-31
023760,24091000000,3799000000,2684000000,2016-06-30
023760,26489000000,4986000000,3844000000,2016-09-30
023760,23440000000,-845000000,-698000000,2016-12-31
023760,22801000000,1652000000,1252000000,2017-03-31
023760,24095000000,2471000000,1894000000,2017-06-30
023760,20099000000,3749000000,2919000000,2017-09-30
023760,26311000000,180000000,137000000,2017-12-31
023760,32316000000,5187000000,3868000000,2018-03-31
023760,33826000000,5431000000,4199000000,2018-06-30
023760,36054000000,5336000000,4668000000,2018-09-30
023760,43216000000,6163000000,4099000000,2018-12-31
023760,42280000000,7541000000,6237000000,2019-03-31
023760,44481000000,6592000000,5297000000,2019-06-30
023760,49864000000,6060000000,5019000000,2019-09-30
023760,44461000000,5596000000,4481000000,2019-12-31
023760,49519000000,9286000000,7136000000,2020-03-31
023760,50186000000,10470000000,8138000000,2020-06-30
023760,51415000000,11312000000,8707000000,2020-09-30
023760,55955000000,11097000000,8078000000,2020-12-31
023760,54836000000,15543000000,11528000000,2021-03-31
023760,61966000000,16464000000,11526000000,2021-06-30
023760,60218000000,17568000000,12960000000,2021-09-30
023760,66055000000,24124000000,17124000000,2021-12-31
023760,72979000000,29417000000,22534000000,2022-03-31
023760,72463000000,24625000000,18983000000,2022-06-30
023760,72995000000,23818000000,18033000000,2022-09-30
023760,82596000000,9237000000,5545000000,2022-12-31
007330,38773000000,12067000000,12275000000,2015-12-31
007330,18711000000,8809000000,6527000000,2016-03-31
007330,11851000000,4494000000,9027000000,2016-06-30
007330,15587000000,7252000000,6170000000,2016-09-30
007330,15365000000,5462000000,4312000000,2016-12-31
007330,14532000000,5880000000,4940000000,2017-03-31
007330,18977000000,10872000000,8739000000,2017-06-30
007330,12652000000,4017000000,3265000000,2017-09-30
007330,13804000000,3312000000,3963000000,2017-12-31
007330,15233000000,5990000000,5842000000,2018-03-31
007330,19880000000,11351000000,8993000000,2018-06-30
007330,16350000000,7776000000,7454000000,2018-09-30
007330,15405000000,1810000000,2079000000,2018-12-31
007330,18379000000,9020000000,8167000000,2019-03-31
007330,15391000000,6299000000,4918000000,2019-06-30
007330,11892000000,2467000000,2233000000,2019-09-30
007330,21875000000,12115000000,9282000000,2019-12-31
007330,17360000000,5940000000,4750000000,2020-03-31
007330,13382000000,5776000000,5559000000,2020-06-30
007330,13474000000,5515000000,6099000000,2020-09-30
007330,15270000000,6469000000,5499000000,2020-12-31
007330,14164000000,1256000000,1929000000,2021-03-31
007330,16288000000,8965000000,10198000000,2021-06-30
007330,15914000000,8585000000,8518000000,2021-09-30
007330,16155000000,5378000000,3621000000,2021-12-31
007330,16636000000,-2500000000,-1037000000,2022-03-31
007330,15906000000,2533000000,1990000000,2022-06-30
007330,24825000000,19303000000,14517000000,2022-09-30
007330,19667000000,4958000000,4612000000,2022-12-31
138930,9.98729E+11,43859000000,21954000000,2015-12-31
138930,1.31196E+12,2.15749E+11,1.63103E+11,2016-03-31
138930,1.13935E+12,2.05196E+11,1.56613E+11,2016-06-30
138930,1.27966E+12,2.0235E+11,1.4979E+11,2016-09-30
138930,1.18172E+12,88986000000,48608000000,2016-12-31
138930,1.42623E+12,2.29068E+11,1.7248E+11,2017-03-31
138930,1.14132E+12,2.22591E+11,1.66681E+11,2017-06-30
138930,1.12565E+12,2.19199E+11,1.61355E+11,2017-09-30
138930,1.12713E+12,-76534000000,-75552000000,2017-12-31
138930,1.32977E+12,2.84009E+11,2.14833E+11,2018-03-31
138930,1.24861E+12,2.21474E+11,1.58745E+11,2018-06-30
138930,1.29665E+12,2.68635E+11,1.91676E+11,2018-09-30
138930,1.18025E+12,-24285000000,-27113000000,2018-12-31
138930,1.3516E+12,2.47773E+11,1.86993E+11,2019-03-31
138930,1.37359E+12,2.46893E+11,1.84637E+11,2019-06-30
138930,1.35504E+12,2.44136E+11,1.88821E+11,2019-09-30
138930,1.14346E+12,68081000000,38496000000,2019-12-31
138930,1.59209E+12,2.05959E+11,1.48469E+11,2020-03-31
138930,1.25406E+12,2.35363E+11,1.8402E+11,2020-06-30
138930,1.15058E+12,1.91396E+11,1.47352E+11,2020-09-30
138930,1.2157E+12,1.15473E+11,82715000000,2020-12-31
138930,1.39382E+12,2.62718E+11,2.03534E+11,2021-03-31
138930,1.38661E+12,3.73904E+11,2.86113E+11,2021-06-30
138930,1.46608E+12,3.67052E+11,2.86166E+11,2021-09-30
138930,1.33419E+12,88345000000,58436000000,2021-12-31
138930,1.81177E+12,3.75245E+11,2.87127E+11,2022-03-31
138930,1.81931E+12,3.27358E+11,2.39585E+11,2022-06-30
138930,2.073E+12,3.65936E+11,2.7314E+11,2022-09-30
138930,1.85875E+12,90380000000,58470000000,2022-12-31
175330,4.92678E+11,42298000000,35658000000,2015-12-31
175330,4.96976E+11,71953000000,55243000000,2016-03-31
175330,5.23761E+11,89342000000,73609000000,2016-06-30
175330,5.24636E+11,72383000000,59168000000,2016-09-30
175330,5.51005E+11,8766000000,13830000000,2016-12-31
175330,5.66374E+11,91211000000,70643000000,2017-03-31
175330,5.69809E+11,1.14481E+11,87534000000,2017-06-30
175330,5.8441E+11,1.08144E+11,83499000000,2017-09-30
175330,5.90213E+11,31156000000,22765000000,2017-12-31
175330,6.00006E+11,1.15255E+11,88106000000,2018-03-31
175330,6.18485E+11,1.29599E+11,98337000000,2018-06-30
175330,6.21956E+11,1.26645E+11,99100000000,2018-09-30
175330,6.3333E+11,45272000000,35486000000,2018-12-31
175330,6.15674E+11,1.2279E+11,97480000000,2019-03-31
175330,6.33806E+11,1.56621E+11,1.16852E+11,2019-06-30
175330,6.11829E+11,1.28776E+11,94738000000,2019-09-30
175330,5.74703E+11,76755000000,53074000000,2019-12-31
175330,6.0053E+11,1.3642E+11,1.01607E+11,2020-03-31
175330,6.19208E+11,1.3132E+11,98609000000,2020-06-30
175330,6.25232E+11,1.53127E+11,1.17674E+11,2020-09-30
175330,6.07117E+11,48652000000,72959000000,2020-12-31
175330,6.15153E+11,1.77838E+11,1.38198E+11,2021-03-31
175330,6.28092E+11,1.93831E+11,1.511E+11,2021-06-30
175330,6.41839E+11,1.85064E+11,1.37897E+11,2021-09-30
175330,7.05999E+11,1.51555E+11,98217000000,2021-12-31
175330,7.08292E+11,2.2964E+11,1.71413E+11,2022-03-31
175330,7.43632E+11,2.12385E+11,1.57247E+11,2022-06-30
175330,8.31712E+11,2.30572E+11,1.71617E+11,2022-09-30
175330,9.14628E+11,1.53161E+11,1.1798E+11,2022-12-31
139130,8.28516E+11,15068000000,16052000000,2015-12-31
139130,1.0114E+12,1.31235E+11,1.04998E+11,2016-03-31
139130,8.10651E+11,1.1352E+11,85189000000,2016-06-30
139130,9.56465E+11,94618000000,73899000000,2016-09-30
139130,8.76454E+11,47556000000,37769000000,2016-12-31
139130,1.05407E+12,1.21193E+11,94364000000,2017-03-31
139130,8.05607E+11,1.18311E+11,93995000000,2017-06-30
139130,8.5043E+11,1.19954E+11,93760000000,2017-09-30
139130,9.31658E+11,49785000000,34152000000,2017-12-31
139130,9.18059E+11,1.29363E+11,96041000000,2018-03-31
139130,1.11377E+12,1.45598E+11,1.11076E+11,2018-06-30
139130,9.90544E+11,1.09418E+11,86076000000,2018-09-30
139130,1.14445E+12,-47749000000,1.12833E+11,2018-12-31
139130,1.29446E+12,1.33006E+11,1.12883E+11,2019-03-31
139130,1.25777E+12,1.39222E+11,1.06482E+11,2019-06-30
139130,1.26629E+12,1.03947E+11,80272000000,2019-09-30
139130,1.1503E+12,56036000000,63271000000,2019-12-31
139130,1.94399E+12,1.33273E+11,97664000000,2020-03-31
139130,1.27498E+12,1.32998E+11,1.08839E+11,2020-06-30
139130,1.24755E+12,1.31478E+11,1.0346E+11,2020-09-30
139130,1.41719E+12,92282000000,66842000000,2020-12-31
139130,1.39518E+12,1.7837E+11,1.361E+11,2021-03-31
139130,1.25097E+12,2.33711E+11,1.68637E+11,2021-06-30
139130,1.34771E+12,1.99979E+11,1.51701E+11,2021-09-30
139130,1.20181E+12,1.36548E+11,97352000000,2021-12-31
139130,1.48355E+12,2.28491E+11,1.74097E+11,2022-03-31
139130,1.82604E+12,1.9434E+11,1.344E+11,2022-06-30
139130,2.12892E+12,1.59683E+11,1.17493E+11,2022-09-30
139130,1.83261E+12,31137000000,15105000000,2022-12-31
138040,2.52335E+12,1.32571E+11,93920000000,2015-12-31
138040,3.02378E+12,1.39609E+11,1.05982E+11,2016-03-31
138040,2.94049E+12,2.12932E+11,1.60552E+11,2016-06-30
138040,2.95152E+12,1.9783E+11,1.47647E+11,2016-09-30
138040,3.43579E+12,1.3806E+11,1.07774E+11,2016-12-31
138040,3.38644E+12,2.69585E+11,2.11715E+11,2017-03-31
138040,3.10516E+12,3.07705E+11,2.34205E+11,2017-06-30
138040,3.2824E+12,2.13378E+11,1.63603E+11,2017-09-30
138040,3.72815E+12,2.13072E+11,1.46212E+11,2017-12-31
138040,3.98052E+12,2.12823E+11,1.52767E+11,2018-03-31
138040,4.04591E+12,2.20165E+11,1.82209E+11,2018-06-30
138040,4.15378E+12,2.3039E+11,1.72129E+11,2018-09-30
138040,5.04029E+12,1.39052E+11,1.32998E+11,2018-12-31
138040,5.19232E+12,2.46676E+11,1.90664E+11,2019-03-31
138040,5.14243E+12,2.72598E+11,2.18934E+11,2019-06-30
138040,5.89099E+12,1.91763E+11,1.53384E+11,2019-09-30
138040,6.08937E+12,2.5131E+11,2.24106E+11,2019-12-31
138040,1.01168E+13,2.68305E+11,1.73235E+11,2020-03-31
138040,5.5832E+12,3.51203E+11,2.68766E+11,2020-06-30
138040,5.97424E+12,3.62542E+11,2.48532E+11,2020-09-30
138040,6.79633E+12,3.9003E+11,2.34771E+11,2020-12-31
138040,7.98831E+12,4.41598E+11,3.21302E+11,2021-03-31
138040,7.8218E+12,4.5922E+11,3.44976E+11,2021-06-30
138040,8.96285E+12,4.88488E+11,3.66463E+11,2021-09-30
138040,1.0877E+13,4.11319E+11,3.50506E+11,2021-12-31
138040,1.39898E+13,6.8466E+11,5.22359E+11,2022-03-31
138040,1.77949E+13,4.99525E+11,3.68051E+11,2022-06-30
138040,2.11251E+13,6.25766E+11,4.86327E+11,2022-09-30
138040,1.74559E+13,3.90911E+11,2.63701E+11,2022-12-31
055550,6.80958E+12,5.55754E+11,4.22792E+11,2015-12-31
055550,8.69384E+12,6.55495E+11,7.87744E+11,2016-03-31
055550,6.73029E+12,8.90114E+11,7.00376E+11,2016-06-30
055550,9.71513E+12,9.36903E+11,7.224E+11,2016-09-30
055550,6.85047E+12,6.2613E+11,6.14399E+11,2016-12-31
055550,1.3801E+13,1.29826E+12,1.00725E+12,2017-03-31
055550,5.958E+12,1.15554E+12,9.01902E+11,2017-06-30
055550,7.08109E+12,1.03939E+12,8.2845E+11,2017-09-30
055550,1.15925E+13,3.35491E+11,2.10518E+11,2017-12-31
055550,8.97316E+12,1.17584E+12,8.69036E+11,2018-03-31
055550,1.17195E+13,1.33404E+12,9.48056E+11,2018-06-30
055550,7.14442E+12,1.1326E+12,8.57479E+11,2018-09-30
055550,7.50696E+12,8.56937E+11,5.23694E+11,2018-12-31
055550,1.17061E+13,1.31034E+12,9.65832E+11,2019-03-31
055550,1.21463E+13,1.40927E+12,1.07055E+12,2019-06-30
055550,1.24965E+13,1.41791E+12,1.04844E+12,2019-09-30
055550,7.51015E+12,9.08735E+11,5.57565E+11,2019-12-31
055550,1.89215E+13,1.25739E+12,9.4954E+11,2020-03-31
055550,8.26666E+12,1.25519E+12,8.92668E+11,2020-06-30
055550,8.2426E+12,1.4682E+12,1.16648E+12,2020-09-30
055550,1.35965E+13,9.48956E+11,4.89389E+11,2020-12-31
055550,1.43544E+13,1.68238E+12,1.21794E+12,2021-03-31
055550,8.36493E+12,1.69352E+12,1.27794E+12,2021-06-30
055550,1.40768E+13,1.60388E+12,1.14181E+12,2021-09-30
055550,8.93393E+12,9.72323E+11,4.74945E+11,2021-12-31
055550,1.39692E+13,1.90595E+12,1.4206E+12,2022-03-31
055550,1.86603E+13,1.7492E+12,1.33991E+12,2022-06-30
055550,2.434E+13,1.6829E+12,1.61781E+12,2022-09-30
055550,4.90729E+12,5.50028E+11,3.5384E+11,2022-12-31
316140,5.81632E+12,8.34001E+11,6.14529E+11,2019-03-31
316140,6.29546E+12,8.76411E+11,6.57434E+11,2019-06-30
316140,7.30781E+12,6.59291E+11,5.34108E+11,2019-09-30
316140,3.31467E+12,4.30273E+11,2.31525E+11,2019-12-31
316140,1.12235E+13,7.73338E+11,5.57771E+11,2020-03-31
316140,3.46423E+12,3.9926E+11,2.16262E+11,2020-06-30
316140,4.29394E+12,6.7516E+11,5.21715E+11,2020-09-30
316140,9.67335E+12,2.32636E+11,2.19501E+11,2020-12-31
316140,8.71396E+12,9.33512E+11,7.18867E+11,2021-03-31
316140,4.39126E+12,1.05033E+12,8.18384E+11,2021-06-30
316140,8.68577E+12,1.09177E+12,8.24396E+11,2021-09-30
316140,5.43734E+12,5.84141E+11,4.45724E+11,2021-12-31
316140,8.96566E+12,1.22844E+12,8.72472E+11,2022-03-31
316140,1.37493E+13,1.20367E+12,9.86832E+11,2022-06-30
316140,2.0442E+13,1.27055E+12,9.33385E+11,2022-09-30
316140,-7.34404E+11,7.27859E+11,5.31293E+11,2022-12-31
086790,6.02907E+12,-1.44246E+11,-86255000000,2015-12-31
086790,1.10774E+13,5.61906E+11,4.49528E+11,2016-03-31
086790,6.3935E+12,4.21827E+11,3.75422E+11,2016-06-30
086790,1.08277E+13,6.18553E+11,4.67213E+11,2016-09-30
086790,6.30127E+12,11821000000,1.07581E+11,2016-12-31
086790,1.54819E+13,6.23143E+11,5.13397E+11,2017-03-31
086790,4.56414E+12,6.96937E+11,5.63687E+11,2017-06-30
086790,7.14332E+12,6.81206E+11,5.26491E+11,2017-09-30
086790,1.19633E+13,7.16851E+11,5.13047E+11,2017-12-31
086790,7.85498E+12,8.89477E+11,6.82902E+11,2018-03-31
086790,1.13372E+13,9.15362E+11,6.43726E+11,2018-06-30
086790,6.06536E+12,8.33478E+11,5.98803E+11,2018-09-30
086790,7.25841E+12,5.13863E+11,3.49721E+11,2018-12-31
086790,9.89527E+12,7.49223E+11,5.5385E+11,2019-03-31
086790,1.09294E+13,9.80737E+11,6.65884E+11,2019-06-30
086790,1.14487E+13,7.79464E+11,8.47254E+11,2019-09-30
086790,6.3768E+12,7.49256E+11,3.58634E+11,2019-12-31
086790,2.06132E+13,8.79003E+11,6.74052E+11,2020-03-31
086790,6.23377E+12,9.37579E+11,6.95315E+11,2020-06-30
086790,6.51673E+12,1.06753E+12,7.70524E+11,2020-09-30
086790,1.48521E+13,9.52308E+11,5.44987E+11,2020-12-31
086790,1.4011E+13,1.07691E+12,8.52026E+11,2021-03-31
086790,6.9078E+12,1.285E+12,9.32897E+11,2021-06-30
086790,1.31547E+13,1.14825E+12,9.42069E+11,2021-09-30
086790,7.60433E+12,1.12093E+12,8.5459E+11,2021-12-31
086790,1.37001E+13,1.10177E+12,9.1483E+11,2022-03-31
086790,2.08982E+13,1.14194E+12,8.47734E+11,2022-06-30
086790,3.11087E+13,1.47248E+12,1.13577E+12,2022-09-30
086790,5.13688E+12,9.74119E+11,7.22857E+11,2022-12-31
071050,5.38743E+11,2676000000,-3393000000,2015-12-31
071050,1.75736E+12,89704000000,80207000000,2016-03-31
071050,1.22666E+12,76424000000,51055000000,2016-06-30
071050,1.16542E+12,1.14858E+11,87649000000,2016-09-30
071050,1.18459E+12,80900000000,52228000000,2016-12-31
071050,2.00936E+12,1.96556E+11,1.44221E+11,2017-03-31
071050,1.41927E+12,1.7219E+11,1.24631E+11,2017-06-30
071050,1.41318E+12,1.37743E+11,94874000000,2017-09-30
071050,1.78016E+12,1.47771E+11,99358000000,2017-12-31
071050,2.56001E+12,2.35545E+11,1.95974E+11,2018-03-31
071050,2.01792E+12,1.93029E+11,1.67495E+11,2018-06-30
071050,1.54177E+12,1.82614E+11,1.53265E+11,2018-09-30
071050,2.70667E+12,10272000000,-787000000,2018-12-31
071050,3.43662E+12,3.08582E+11,2.61336E+11,2019-03-31
071050,2.9872E+12,2.71791E+11,2.09097E+11,2019-06-30
071050,2.18875E+12,1.73632E+11,2.25659E+11,2019-09-30
071050,2.16182E+12,1.87779E+11,1.51077E+11,2019-12-31
071050,8.03952E+12,-1.67906E+11,-1.145E+11,2020-03-31
071050,1.97881E+12,4.01607E+11,3.84295E+11,2020-06-30
071050,2.40289E+12,3.21018E+11,2.47918E+11,2020-09-30
071050,4.09304E+12,3.01639E+11,3.42331E+11,2020-12-31
071050,4.85909E+12,4.85039E+11,4.01404E+11,2021-03-31
071050,3.85126E+12,3.43309E+11,3.01651E+11,2021-06-30
071050,3.93939E+12,4.1777E+11,7.52863E+11,2021-09-30
071050,1.16999E+12,2.74834E+11,3.08636E+11,2021-12-31
071050,6.13032E+12,3.38137E+11,3.07588E+11,2022-03-31
071050,7.05993E+12,1.67344E+11,99502000000,2022-06-30
071050,8.55402E+12,1.82328E+11,1.66856E+11,2022-09-30
071050,3.28386E+12,-1.42028E+11,65862000000,2022-12-31
