종목코드,Assets,Liabilities ,SetDate
024110,2.36965E+14,2.19702E+14,2015-12-31
024110,2.4392E+14,2.26534E+14,2016-03-31
024110,2.46418E+14,2.28557E+14,2016-06-30
024110,2.49369E+14,2.31103E+14,2016-09-30
024110,2.53024E+14,2.35046E+14,2016-12-31
024110,2.53381E+14,2.35065E+14,2017-03-31
024110,2.62483E+14,2.43641E+14,2017-06-30
024110,2.68632E+14,2.49143E+14,2017-09-30
024110,2.68835E+14,2.49154E+14,2017-12-31
024110,2.70735E+14,2.5094E+14,2018-03-31
024110,2.77158E+14,2.5691E+14,2018-06-30
024110,2.79701E+14,2.59011E+14,2018-09-30
024110,2.83185E+14,2.6226E+14,2018-12-31
024110,2.92839E+14,2.71005E+14,2019-03-31
024110,2.98498E+14,2.76208E+14,2019-06-30
024110,3.04424E+14,2.81675E+14,2019-09-30
024110,3.10373E+14,2.87596E+14,2019-12-31
024110,3.18806E+14,2.95741E+14,2020-03-31
024110,3.35788E+14,3.11609E+14,2020-06-30
024110,3.44569E+14,3.19503E+14,2020-09-30
024110,3.52892E+14,3.2775E+14,2020-12-31
024110,3.6104E+14,3.35266E+14,2021-03-31
024110,3.68995E+14,3.42584E+14,2021-06-30
024110,3.76927E+14,3.49958E+14,2021-09-30
024110,3.87899E+14,3.60365E+14,2021-12-31
024110,4.00005E+14,3.72877E+14,2022-03-31
024110,4.109E+14,3.8357E+14,2022-06-30
024110,4.22536E+14,3.94361E+14,2022-09-30
024110,4.20608E+14,3.915E+14,2022-12-31
006220,4.4646E+12,4.14658E+12,2015-12-31
006220,4.64003E+12,4.31706E+12,2016-03-31
006220,4.99166E+12,4.66562E+12,2016-06-30
006220,5.07393E+12,4.74561E+12,2016-09-30
006220,5.18483E+12,4.84918E+12,2016-12-31
006220,5.49442E+12,5.15305E+12,2017-03-31
006220,5.41138E+12,5.06483E+12,2017-06-30
006220,5.71258E+12,5.31093E+12,2017-09-30
006220,5.56292E+12,5.15812E+12,2017-12-31
006220,5.69965E+12,5.29889E+12,2018-03-31
006220,5.59972E+12,5.18957E+12,2018-06-30
006220,5.73009E+12,5.31121E+12,2018-09-30
006220,5.98094E+12,5.50795E+12,2018-12-31
006220,5.94903E+12,5.47199E+12,2019-03-31
006220,5.97702E+12,5.49015E+12,2019-06-30
006220,6.0279E+12,5.53531E+12,2019-09-30
006220,6.19293E+12,5.69522E+12,2019-12-31
006220,6.22216E+12,5.72122E+12,2020-03-31
006220,6.4649E+12,5.95735E+12,2020-06-30
006220,6.51709E+12,6.00646E+12,2020-09-30
006220,6.53184E+12,6.0224E+12,2020-12-31
006220,6.51229E+12,6.00185E+12,2021-03-31
006220,6.65078E+12,6.13587E+12,2021-06-30
006220,6.8217E+12,6.30157E+12,2021-09-30
006220,6.94422E+12,6.42827E+12,2021-12-31
006220,7.06493E+12,6.55492E+12,2022-03-31
006220,7.16012E+12,6.65393E+12,2022-06-30
006220,7.12263E+12,6.613E+12,2022-09-30
006220,7.3203E+12,6.79845E+12,2022-12-31
085620,2.67902E+13,2.49356E+13,2015-12-31
085620,2.70509E+13,2.50775E+13,2016-03-31
085620,2.76685E+13,2.55431E+13,2016-06-30
085620,2.81258E+13,2.59998E+13,2016-09-30
085620,2.8304E+13,2.64303E+13,2016-12-31
085620,2.80245E+13,2.6181E+13,2017-03-31
085620,2.86391E+13,2.67182E+13,2017-06-30
085620,2.90017E+13,2.70734E+13,2017-09-30
085620,2.96579E+13,2.77397E+13,2017-12-31
085620,3.51513E+13,3.31489E+13,2018-03-31
085620,3.52953E+13,3.33308E+13,2018-06-30
085620,3.51205E+13,3.31171E+13,2018-09-30
085620,3.45474E+13,3.24952E+13,2018-12-31
085620,3.52937E+13,3.31714E+13,2019-03-31
085620,3.58938E+13,3.36396E+13,2019-06-30
085620,3.60757E+13,3.37253E+13,2019-09-30
085620,3.79241E+13,3.55908E+13,2019-12-31
085620,3.67281E+13,3.44532E+13,2020-03-31
085620,3.79838E+13,3.55938E+13,2020-06-30
085620,3.8737E+13,3.63274E+13,2020-09-30
085620,4.05463E+13,3.82621E+13,2020-12-31
085620,4.08042E+13,3.87021E+13,2021-03-31
085620,4.17132E+13,3.97827E+13,2021-06-30
085620,4.18195E+13,3.99026E+13,2021-09-30
085620,4.19645E+13,4.00461E+13,2021-12-31
085620,4.04819E+13,3.88219E+13,2022-03-31
085620,3.90323E+13,3.7561E+13,2022-06-30
085620,3.88851E+13,3.75279E+13,2022-09-30
085620,3.72086E+13,3.5853E+13,2022-12-31
032830,2.26244E+14,2.03378E+14,2015-12-31
032830,2.30731E+14,2.07004E+14,2016-03-31
032830,2.36974E+14,2.11101E+14,2016-06-30
032830,2.41677E+14,2.14313E+14,2016-09-30
032830,2.41904E+14,2.1756E+14,2016-12-31
032830,2.46714E+14,2.21119E+14,2017-03-31
032830,2.53343E+14,2.25557E+14,2017-06-30
032830,2.56694E+14,2.28348E+14,2017-09-30
032830,2.58388E+14,2.31569E+14,2017-12-31
032830,2.57801E+14,2.32279E+14,2018-03-31
032830,2.58288E+14,2.32722E+14,2018-06-30
032830,2.61723E+14,2.34996E+14,2018-09-30
032830,2.6223E+14,2.35732E+14,2018-12-31
032830,2.70532E+14,2.41352E+14,2019-03-31
032830,2.76326E+14,2.44789E+14,2019-06-30
032830,2.81758E+14,2.48376E+14,2019-09-30
032830,2.87358E+14,2.54272E+14,2019-12-31
032830,2.8411E+14,2.53742E+14,2020-03-31
032830,2.91331E+14,2.58165E+14,2020-06-30
032830,2.97237E+14,2.62306E+14,2020-09-30
032830,3.09803E+14,2.70777E+14,2020-12-31
032830,3.07179E+14,2.70533E+14,2021-03-31
032830,3.08523E+14,2.72348E+14,2021-06-30
032830,3.05776E+14,2.7191E+14,2021-09-30
032830,3.10367E+14,2.76198E+14,2021-12-31
032830,2.96488E+14,2.70365E+14,2022-03-31
032830,2.81287E+14,2.6311E+14,2022-06-30
032830,2.7913E+14,2.63002E+14,2022-09-30
032830,2.81498E+14,2.63812E+14,2022-12-31
088350,9.88554E+13,9.02831E+13,2015-12-31
088350,1.01782E+14,9.26585E+13,2016-03-31
088350,1.04312E+14,9.45285E+13,2016-06-30
088350,1.05519E+14,9.55938E+13,2016-09-30
088350,1.05331E+14,9.71788E+13,2016-12-31
088350,1.06239E+14,9.78042E+13,2017-03-31
088350,1.08779E+14,9.95446E+13,2017-06-30
088350,1.09763E+14,1.00579E+14,2017-09-30
088350,1.10313E+14,1.01344E+14,2017-12-31
088350,1.1048E+14,1.01656E+14,2018-03-31
088350,1.12582E+14,1.02641E+14,2018-06-30
088350,1.13633E+14,1.03649E+14,2018-09-30
088350,1.14302E+14,1.0444E+14,2018-12-31
088350,1.16073E+14,1.05893E+14,2019-03-31
088350,1.17032E+14,1.06527E+14,2019-06-30
088350,1.18803E+14,1.07562E+14,2019-09-30
088350,1.21757E+14,1.09699E+14,2019-12-31
088350,1.22953E+14,1.10812E+14,2020-03-31
088350,1.2578E+14,1.1288E+14,2020-06-30
088350,1.26973E+14,1.13881E+14,2020-09-30
088350,1.2753E+14,1.15525E+14,2020-12-31
088350,1.25923E+14,1.1537E+14,2021-03-31
088350,1.27245E+14,1.16594E+14,2021-06-30
088350,1.27953E+14,1.17508E+14,2021-09-30
088350,1.29505E+14,1.19315E+14,2021-12-31
088350,1.28135E+14,1.19111E+14,2022-03-31
088350,1.26261E+14,1.19268E+14,2022-06-30
088350,1.25825E+14,1.1991E+14,2022-09-30
088350,1.2678E+14,1.20465E+14,2022-12-31
082640,2.25709E+13,2.06253E+13,2015-12-31
082640,2.41416E+13,2.20997E+13,2016-03-31
082640,2.53694E+13,2.31502E+13,2016-06-30
082640,2.63123E+13,2.40295E+13,2016-09-30
082640,2.66663E+13,2.48803E+13,2016-12-31
082640,2.79441E+13,2.56202E+13,2017-03-31
082640,2.92412E+13,2.6764E+13,2017-06-30
082640,2.97486E+13,2.73198E+13,2017-09-30
082640,3.02737E+13,2.78895E+13,2017-12-31
082640,3.05934E+13,2.83718E+13,2018-03-31
082640,3.11586E+13,2.89472E+13,2018-06-30
082640,3.14169E+13,2.91601E+13,2018-09-30
082640,3.18546E+13,2.96202E+13,2018-12-31
082640,3.25132E+13,3.01301E+13,2019-03-31
082640,3.29507E+13,3.04014E+13,2019-06-30
082640,3.36186E+13,3.09162E+13,2019-09-30
082640,3.3948E+13,3.13467E+13,2019-12-31
082640,3.40486E+13,3.15827E+13,2020-03-31
082640,3.46731E+13,3.20066E+13,2020-06-30
082640,3.55718E+13,3.24899E+13,2020-09-30
082640,3.6253E+13,3.31605E+13,2020-12-31
082640,3.61397E+13,3.32264E+13,2021-03-31
082640,3.63189E+13,3.32696E+13,2021-06-30
082640,3.64548E+13,3.34083E+13,2021-09-30
082640,3.71035E+13,3.40594E+13,2021-12-31
082640,3.63281E+13,3.37457E+13,2022-03-31
082640,3.6046E+13,3.38806E+13,2022-06-30
082640,3.65462E+13,3.47038E+13,2022-09-30
082640,3.74345E+13,3.55022E+13,2022-12-31
000540,8.98755E+12,8.54547E+12,2015-12-31
000540,9.24747E+12,8.78454E+12,2016-03-31
000540,9.59703E+12,9.106E+12,2016-06-30
000540,9.88666E+12,9.37881E+12,2016-09-30
000540,1.0216E+13,9.66368E+12,2016-12-31
000540,1.0394E+13,9.84079E+12,2017-03-31
000540,1.07261E+13,1.01055E+13,2017-06-30
000540,1.09508E+13,1.03309E+13,2017-09-30
000540,1.11539E+13,1.05246E+13,2017-12-31
000540,1.12459E+13,1.06327E+13,2018-03-31
000540,1.14794E+13,1.0846E+13,2018-06-30
000540,1.16404E+13,1.09815E+13,2018-09-30
000540,1.19389E+13,1.12568E+13,2018-12-31
000540,1.22563E+13,1.15628E+13,2019-03-31
000540,1.2476E+13,1.17461E+13,2019-06-30
000540,1.25907E+13,1.18506E+13,2019-09-30
000540,1.26485E+13,1.19366E+13,2019-12-31
000540,1.28399E+13,1.21421E+13,2020-03-31
000540,1.28958E+13,1.21537E+13,2020-06-30
000540,1.31601E+13,1.23906E+13,2020-09-30
000540,1.32112E+13,1.24874E+13,2020-12-31
000540,1.3355E+13,1.26703E+13,2021-03-31
000540,1.34522E+13,1.27487E+13,2021-06-30
000540,1.36868E+13,1.29689E+13,2021-09-30
000540,1.37671E+13,1.30765E+13,2021-12-31
000540,1.39446E+13,1.32897E+13,2022-03-31
000540,1.39792E+13,1.33573E+13,2022-06-30
000540,1.41448E+13,1.35083E+13,2022-09-30
000540,1.39634E+13,1.32461E+13,2022-12-31
005830,3.05628E+13,2.68801E+13,2015-12-31
005830,3.14124E+13,2.76153E+13,2016-03-31
005830,3.23766E+13,2.82775E+13,2016-06-30
005830,3.35158E+13,2.88966E+13,2016-09-30
005830,3.42086E+13,3.02447E+13,2016-12-31
005830,3.44235E+13,3.04735E+13,2017-03-31
005830,3.60746E+13,3.17949E+13,2017-06-30
005830,3.67805E+13,3.241E+13,2017-09-30
005830,3.74038E+13,3.29883E+13,2017-12-31
005830,3.72718E+13,3.31118E+13,2018-03-31
005830,3.81166E+13,3.38504E+13,2018-06-30
005830,3.88464E+13,3.42961E+13,2018-09-30
005830,3.97755E+13,3.48643E+13,2018-12-31
005830,4.06436E+13,3.54235E+13,2019-03-31
005830,4.22221E+13,3.64797E+13,2019-06-30
005830,4.33504E+13,3.71821E+13,2019-09-30
005830,4.3667E+13,3.79464E+13,2019-12-31
005830,4.41406E+13,3.84841E+13,2020-03-31
005830,4.55131E+13,3.94614E+13,2020-06-30
005830,4.60465E+13,3.98015E+13,2020-09-30
005830,4.71243E+13,4.10603E+13,2020-12-31
005830,4.73604E+13,4.17272E+13,2021-03-31
005830,4.89617E+13,4.2974E+13,2021-06-30
005830,4.96987E+13,4.35598E+13,2021-09-30
005830,5.1188E+13,4.49394E+13,2021-12-31
005830,5.08935E+13,4.53088E+13,2022-03-31
005830,5.09482E+13,4.57942E+13,2022-06-30
005830,5.15552E+13,4.6713E+13,2022-09-30
005830,5.03961E+13,4.53459E+13,2022-12-31
000370,1.18024E+13,1.09415E+13,2015-12-31
000370,1.21897E+13,1.12314E+13,2016-03-31
000370,1.28003E+13,1.17211E+13,2016-06-30
000370,1.31336E+13,1.20147E+13,2016-09-30
000370,1.32753E+13,1.23907E+13,2016-12-31
000370,1.35685E+13,1.26455E+13,2017-03-31
000370,1.40667E+13,1.30676E+13,2017-06-30
000370,1.43708E+13,1.33656E+13,2017-09-30
000370,1.4884E+13,1.36995E+13,2017-12-31
000370,1.51207E+13,1.39501E+13,2018-03-31
000370,1.55797E+13,1.43791E+13,2018-06-30
000370,1.61859E+13,1.47641E+13,2018-09-30
000370,1.67286E+13,1.53118E+13,2018-12-31
000370,1.72107E+13,1.57463E+13,2019-03-31
000370,1.76826E+13,1.61625E+13,2019-06-30
000370,1.79091E+13,1.63579E+13,2019-09-30
000370,1.82098E+13,1.67839E+13,2019-12-31
000370,1.88218E+13,1.70835E+13,2020-03-31
000370,1.93465E+13,1.7481E+13,2020-06-30
000370,1.94041E+13,1.74915E+13,2020-09-30
000370,1.94791E+13,1.77719E+13,2020-12-31
000370,1.94877E+13,1.80631E+13,2021-03-31
000370,1.9946E+13,1.83948E+13,2021-06-30
000370,2.01327E+13,1.857E+13,2021-09-30
000370,2.01882E+13,1.87042E+13,2021-12-31
000370,2.01724E+13,1.9302E+13,2022-03-31
000370,2.00883E+13,1.97396E+13,2022-06-30
000370,2.02783E+13,2.0054E+13,2022-09-30
000370,2.02662E+13,1.99039E+13,2022-12-31
001450,3.22916E+13,2.98569E+13,2015-12-31
001450,3.31713E+13,3.05289E+13,2016-03-31
001450,3.51596E+13,3.173E+13,2016-06-30
001450,3.59829E+13,3.23995E+13,2016-09-30
001450,3.66522E+13,3.38941E+13,2016-12-31
001450,3.69266E+13,3.41327E+13,2017-03-31
001450,3.84421E+13,3.53715E+13,2017-06-30
001450,3.92368E+13,3.6172E+13,2017-09-30
001450,4.01221E+13,3.70194E+13,2017-12-31
001450,4.02541E+13,3.73923E+13,2018-03-31
001450,4.08329E+13,3.77961E+13,2018-06-30
001450,4.21267E+13,3.83623E+13,2018-09-30
001450,4.37194E+13,3.96058E+13,2018-12-31
001450,4.4366E+13,4.00992E+13,2019-03-31
001450,4.53136E+13,4.07417E+13,2019-06-30
001450,4.62125E+13,4.14158E+13,2019-09-30
001450,4.58258E+13,4.13483E+13,2019-12-31
001450,4.66419E+13,4.2091E+13,2020-03-31
001450,4.74857E+13,4.27045E+13,2020-06-30
001450,4.81202E+13,4.31677E+13,2020-09-30
001450,4.88203E+13,4.40702E+13,2020-12-31
001450,4.86364E+13,4.43741E+13,2021-03-31
001450,4.97494E+13,4.52003E+13,2021-06-30
001450,5.11082E+13,4.62311E+13,2021-09-30
001450,5.22909E+13,4.74014E+13,2021-12-31
001450,5.20035E+13,4.75535E+13,2022-03-31
001450,5.2313E+13,4.80898E+13,2022-06-30
001450,5.30148E+13,4.90224E+13,2022-09-30
001450,5.1608E+13,4.75323E+13,2022-12-31
000810,6.28706E+13,5.29E+13,2015-12-31
000810,6.41462E+13,5.3714E+13,2016-03-31
000810,6.63235E+13,5.49988E+13,2016-06-30
000810,6.7762E+13,5.58059E+13,2016-09-30
000810,6.78979E+13,5.7017E+13,2016-12-31
000810,6.91503E+13,5.78524E+13,2017-03-31
000810,7.13187E+13,5.92267E+13,2017-06-30
000810,7.24439E+13,6.0123E+13,2017-09-30
000810,7.55209E+13,6.35987E+13,2017-12-31
000810,7.59038E+13,6.45169E+13,2018-03-31
000810,7.64436E+13,6.49184E+13,2018-06-30
000810,7.80571E+13,6.59736E+13,2018-09-30
000810,7.89625E+13,6.66754E+13,2018-12-31
000810,8.07939E+13,6.80128E+13,2019-03-31
000810,8.27504E+13,6.90833E+13,2019-06-30
000810,8.45747E+13,7.01995E+13,2019-09-30
000810,8.44369E+13,7.02295E+13,2019-12-31
000810,8.46933E+13,7.11504E+13,2020-03-31
000810,8.61599E+13,7.16934E+13,2020-06-30
000810,8.75716E+13,7.24709E+13,2020-09-30
000810,9.1721E+13,7.54832E+13,2020-12-31
000810,9.11567E+13,7.56875E+13,2021-03-31
000810,9.12927E+13,7.56984E+13,2021-06-30
000810,9.17662E+13,7.65405E+13,2021-09-30
000810,9.33848E+13,7.79846E+13,2021-12-31
000810,9.08676E+13,7.78291E+13,2022-03-31
000810,8.78092E+13,7.67905E+13,2022-06-30
000810,8.72038E+13,7.69965E+13,2022-09-30
000810,8.68569E+13,7.60417E+13,2022-12-31
000400,8.77832E+12,8.33531E+12,2015-12-31
000400,8.85463E+12,8.37737E+12,2016-03-31
000400,9.17657E+12,8.65909E+12,2016-06-30
000400,9.52055E+12,9.0201E+12,2016-09-30
000400,1.10975E+13,1.05961E+13,2016-12-31
000400,1.13644E+13,1.0839E+13,2017-03-31
000400,1.15963E+13,1.10405E+13,2017-06-30
000400,1.18229E+13,1.1277E+13,2017-09-30
000400,1.28022E+13,1.22549E+13,2017-12-31
000400,1.29392E+13,1.2388E+13,2018-03-31
000400,1.33968E+13,1.28225E+13,2018-06-30
000400,1.34887E+13,1.2886E+13,2018-09-30
000400,1.4285E+13,1.36651E+13,2018-12-31
000400,1.44315E+13,1.37554E+13,2019-03-31
000400,1.47084E+13,1.39726E+13,2019-06-30
000400,1.51339E+13,1.43889E+13,2019-09-30
000400,1.62795E+13,1.52751E+13,2019-12-31
000400,1.66641E+13,1.57141E+13,2020-03-31
000400,1.69312E+13,1.58647E+13,2020-06-30
000400,1.69491E+13,1.58419E+13,2020-09-30
000400,1.6416E+13,1.54397E+13,2020-12-31
000400,1.6247E+13,1.52259E+13,2021-03-31
000400,1.6271E+13,1.52198E+13,2021-06-30
000400,1.62414E+13,1.51251E+13,2021-09-30
000400,1.90829E+13,1.80123E+13,2021-12-31
000400,1.89062E+13,1.78606E+13,2022-03-31
000400,1.86323E+13,1.76513E+13,2022-06-30
000400,1.89082E+13,1.7964E+13,2022-09-30
000400,1.83703E+13,1.75525E+13,2022-12-31
003690,9.02268E+12,7.00729E+12,2015-12-31
003690,9.04905E+12,6.97256E+12,2016-03-31
003690,9.38106E+12,7.234E+12,2016-06-30
003690,9.26023E+12,7.09847E+12,2016-09-30
003690,9.55572E+12,7.44082E+12,2016-12-31
003690,9.11034E+12,7.00288E+12,2017-03-31
003690,9.69415E+12,7.49208E+12,2017-06-30
003690,9.90847E+12,7.69126E+12,2017-09-30
003690,1.00358E+13,7.86874E+12,2017-12-31
003690,9.91251E+12,7.73449E+12,2018-03-31
003690,1.01401E+13,7.90713E+12,2018-06-30
003690,1.04365E+13,8.20939E+12,2018-09-30
003690,1.07296E+13,8.48852E+12,2018-12-31
003690,1.06751E+13,8.39931E+12,2019-03-31
003690,1.11138E+13,8.75657E+12,2019-06-30
003690,1.16011E+13,9.19707E+12,2019-09-30
003690,1.17087E+13,9.24762E+12,2019-12-31
003690,1.20346E+13,9.63213E+12,2020-03-31
003690,1.24298E+13,9.96375E+12,2020-06-30
003690,1.26215E+13,1.01572E+13,2020-09-30
003690,1.24116E+13,9.94846E+12,2020-12-31
003690,1.2223E+13,9.79683E+12,2021-03-31
003690,1.2765E+13,1.02476E+13,2021-06-30
003690,1.32989E+13,1.07427E+13,2021-09-30
003690,1.28759E+13,1.03165E+13,2021-12-31
003690,1.29535E+13,1.04332E+13,2022-03-31
003690,1.37688E+13,1.10182E+13,2022-06-30
003690,1.44963E+13,1.16987E+13,2022-09-30
003690,1.4636E+13,1.1747E+13,2022-12-31
016610,5.45105E+12,4.86566E+12,2015-12-31
016610,5.96622E+12,5.38054E+12,2016-03-31
016610,5.77948E+12,5.18714E+12,2016-06-30
016610,5.22749E+12,4.64597E+12,2016-09-30
016610,4.99582E+12,4.40488E+12,2016-12-31
016610,4.7566E+12,4.1763E+12,2017-03-31
016610,5.07108E+12,4.48428E+12,2017-06-30
016610,5.13237E+12,4.53267E+12,2017-09-30
016610,5.4018E+12,4.80888E+12,2017-12-31
016610,5.30636E+12,4.69974E+12,2018-03-31
016610,5.64261E+12,5.01807E+12,2018-06-30
016610,5.57825E+12,4.93896E+12,2018-09-30
016610,5.42869E+12,4.79435E+12,2018-12-31
016610,5.67516E+12,5.03144E+12,2019-03-31
016610,6.26035E+12,5.5946E+12,2019-06-30
016610,6.01862E+12,5.34894E+12,2019-09-30
016610,6.81569E+12,6.13414E+12,2019-12-31
016610,7.74906E+12,7.07744E+12,2020-03-31
016610,7.57986E+12,6.88197E+12,2020-06-30
016610,7.19214E+12,6.46523E+12,2020-09-30
016610,8.1632E+12,7.41353E+12,2020-12-31
016610,7.73363E+12,6.95739E+12,2021-03-31
016610,7.3279E+12,6.52629E+12,2021-06-30
016610,7.70746E+12,6.87764E+12,2021-09-30
016610,7.2601E+12,6.4134E+12,2021-12-31
016610,7.69523E+12,6.86057E+12,2022-03-31
016610,7.19191E+12,6.33372E+12,2022-06-30
016610,6.89304E+12,6.03411E+12,2022-09-30
016610,7.0965E+12,6.25962E+12,2022-12-31
005940,4.04921E+13,3.59633E+13,2015-12-31
005940,4.53611E+13,4.08901E+13,2016-03-31
005940,4.55993E+13,4.1045E+13,2016-06-30
005940,4.21639E+13,3.75852E+13,2016-09-30
005940,4.1022E+13,3.64256E+13,2016-12-31
005940,4.24755E+13,3.78789E+13,2017-03-31
005940,4.35195E+13,3.8827E+13,2017-06-30
005940,4.05791E+13,3.58202E+13,2017-09-30
005940,4.19865E+13,3.71618E+13,2017-12-31
005940,4.41627E+13,3.93816E+13,2018-03-31
005940,4.58901E+13,4.10177E+13,2018-06-30
005940,4.76178E+13,4.26411E+13,2018-09-30
005940,5.11242E+13,4.61133E+13,2018-12-31
005940,5.18258E+13,4.68246E+13,2019-03-31
005940,5.06996E+13,4.55773E+13,2019-06-30
005940,5.17148E+13,4.65054E+13,2019-09-30
005940,4.76011E+13,4.23145E+13,2019-12-31
005940,5.56799E+13,5.04627E+13,2020-03-31
005940,5.79948E+13,5.25933E+13,2020-06-30
005940,5.65444E+13,5.0963E+13,2020-09-30
005940,6.06268E+13,5.49784E+13,2020-12-31
005940,5.98247E+13,5.41568E+13,2021-03-31
005940,5.78989E+13,5.19844E+13,2021-06-30
005940,5.86039E+13,5.24489E+13,2021-09-30
005940,5.58282E+13,4.93649E+13,2021-12-31
005940,5.8631E+13,5.20229E+13,2022-03-31
005940,5.62948E+13,4.94882E+13,2022-06-30
005940,5.64146E+13,4.96046E+13,2022-09-30
005940,5.04029E+13,4.35503E+13,2022-12-31
001510,3.50368E+12,3.0954E+12,2015-12-31
001510,3.80423E+12,3.3947E+12,2016-03-31
001510,4.09213E+12,3.67238E+12,2016-06-30
001510,4.2033E+12,3.78439E+12,2016-09-30
001510,3.78922E+12,3.3751E+12,2016-12-31
001510,3.89702E+12,3.47376E+12,2017-03-31
001510,3.8749E+12,3.44114E+12,2017-06-30
001510,3.78728E+12,3.3527E+12,2017-09-30
001510,3.52358E+12,3.08886E+12,2017-12-31
001510,3.96777E+12,3.53214E+12,2018-03-31
001510,4.29169E+12,3.85215E+12,2018-06-30
001510,4.45974E+12,4.02159E+12,2018-09-30
001510,3.52989E+12,2.99269E+12,2018-12-31
001510,4.82452E+12,4.27455E+12,2019-03-31
001510,4.2637E+12,3.70316E+12,2019-06-30
001510,4.0347E+12,3.47015E+12,2019-09-30
001510,3.90654E+12,3.33898E+12,2019-12-31
001510,5.67603E+12,5.13135E+12,2020-03-31
001510,5.50373E+12,4.95439E+12,2020-06-30
001510,5.10566E+12,4.54768E+12,2020-09-30
001510,5.06901E+12,4.49818E+12,2020-12-31
001510,5.34177E+12,4.75878E+12,2021-03-31
001510,5.66767E+12,5.06936E+12,2021-06-30
001510,6.31191E+12,5.7006E+12,2021-09-30
001510,5.53594E+12,4.9451E+12,2021-12-31
001510,5.33119E+12,4.7499E+12,2022-03-31
001510,5.58111E+12,4.96026E+12,2022-06-30
001510,5.47407E+12,4.84938E+12,2022-09-30
001510,5.61271E+12,5.00517E+12,2022-12-31
030610,5.53257E+12,4.84697E+12,2015-12-31
030610,6.04007E+12,5.33708E+12,2016-03-31
030610,6.70389E+12,5.97681E+12,2016-06-30
030610,5.9501E+12,5.20686E+12,2016-09-30
030610,5.11724E+12,4.37259E+12,2016-12-31
030610,5.46038E+12,4.70187E+12,2017-03-31
030610,6.34469E+12,5.56857E+12,2017-06-30
030610,6.32873E+12,5.53425E+12,2017-09-30
030610,6.73379E+12,5.91893E+12,2017-12-31
030610,7.23365E+12,6.41236E+12,2018-03-31
030610,7.5855E+12,6.73488E+12,2018-06-30
030610,7.64803E+12,6.77668E+12,2018-09-30
030610,7.13923E+12,6.25984E+12,2018-12-31
030610,7.83043E+12,6.93434E+12,2019-03-31
030610,7.96735E+12,7.03678E+12,2019-06-30
030610,7.87096E+12,6.92134E+12,2019-09-30
030610,7.64349E+12,6.68305E+12,2019-12-31
030610,8.70493E+12,7.76144E+12,2020-03-31
030610,9.38852E+12,8.19026E+12,2020-06-30
030610,9.16093E+12,7.92979E+12,2020-09-30
030610,9.67377E+12,8.40902E+12,2020-12-31
030610,1.07433E+13,9.44905E+12,2021-03-31
030610,1.08703E+13,9.53063E+12,2021-06-30
030610,1.04991E+13,9.1161E+12,2021-09-30
030610,1.0989E+13,9.5923E+12,2021-12-31
030610,1.12974E+13,9.88993E+12,2022-03-31
030610,1.16782E+13,1.02168E+13,2022-06-30
030610,1.30379E+13,1.15553E+13,2022-09-30
030610,1.21491E+13,1.05843E+13,2022-12-31
030210,9.41295E+11,5.36307E+11,2015-12-31
030210,2.634E+12,2.22635E+12,2016-03-31
030210,3.24831E+12,2.83266E+12,2016-06-30
030210,2.39266E+12,1.97152E+12,2016-09-30
030210,1.21522E+12,7.90056E+11,2016-12-31
030210,2.29375E+12,1.85632E+12,2017-03-31
030210,2.15274E+12,1.70459E+12,2017-06-30
030210,2.03926E+12,1.58759E+12,2017-09-30
030210,1.7122E+12,1.2512E+12,2017-12-31
030210,2.85558E+12,2.38792E+12,2018-03-31
030210,3.57875E+12,3.10884E+12,2018-06-30
030210,2.49748E+12,2.02579E+12,2018-09-30
030210,1.56533E+12,1.08306E+12,2018-12-31
030210,2.98656E+12,2.48635E+12,2019-03-31
030210,2.86533E+12,2.36106E+12,2019-06-30
030210,2.75611E+12,2.23409E+12,2019-09-30
030210,2.30526E+12,1.76898E+12,2019-12-31
030210,2.97915E+12,2.47089E+12,2020-03-31
030210,3.60939E+12,3.1287E+12,2020-06-30
030210,4.09989E+12,3.60596E+12,2020-09-30
030210,3.90781E+12,3.37769E+12,2020-12-31
030210,4.68133E+12,4.13474E+12,2021-03-31
030210,4.98064E+12,4.39184E+12,2021-06-30
030210,4.48497E+12,3.84025E+12,2021-09-30
030210,4.6834E+12,4.02045E+12,2021-12-31
030210,5.35983E+12,4.69837E+12,2022-03-31
030210,5.13331E+12,4.45269E+12,2022-06-30
030210,5.37744E+12,4.68257E+12,2022-09-30
030210,3.94054E+12,3.27927E+12,2022-12-31
003540,1.62186E+13,1.45383E+13,2015-12-31
003540,2.24375E+13,2.07726E+13,2016-03-31
003540,1.66291E+13,1.49579E+13,2016-06-30
003540,1.64888E+13,1.48116E+13,2016-09-30
003540,1.45329E+13,1.28507E+13,2016-12-31
003540,1.35732E+13,1.18965E+13,2017-03-31
003540,1.45227E+13,1.28362E+13,2017-06-30
003540,1.40047E+13,1.22924E+13,2017-09-30
003540,1.35126E+13,1.17951E+13,2017-12-31
003540,1.39319E+13,1.22019E+13,2018-03-31
003540,1.40012E+13,1.22273E+13,2018-06-30
003540,1.48045E+13,1.30067E+13,2018-09-30
003540,1.40163E+13,1.22211E+13,2018-12-31
003540,1.43296E+13,1.25274E+13,2019-03-31
003540,1.47478E+13,1.29302E+13,2019-06-30
003540,1.45251E+13,1.27084E+13,2019-09-30
003540,1.34828E+13,1.16821E+13,2019-12-31
003540,1.46141E+13,1.2838E+13,2020-03-31
003540,1.48E+13,1.3002E+13,2020-06-30
003540,1.46897E+13,1.28247E+13,2020-09-30
003540,1.5367E+13,1.34643E+13,2020-12-31
003540,1.44873E+13,1.2577E+13,2021-03-31
003540,1.46864E+13,1.27518E+13,2021-06-30
003540,2.59315E+13,2.39426E+13,2021-09-30
003540,1.51388E+13,1.31125E+13,2021-12-31
003540,1.6005E+13,1.40146E+13,2022-03-31
003540,1.53858E+13,1.33515E+13,2022-06-30
003540,1.36243E+13,1.15809E+13,2022-09-30
003540,1.35611E+13,1.15118E+13,2022-12-31
008560,1.28743E+13,1.11437E+13,2015-12-31
008560,1.6666E+13,1.49894E+13,2016-03-31
008560,1.55399E+13,1.37771E+13,2016-06-30
008560,1.72403E+13,1.54152E+13,2016-09-30
008560,1.53201E+13,1.3434E+13,2016-12-31
008560,1.84808E+13,1.65877E+13,2017-03-31
008560,1.78104E+13,1.46424E+13,2017-06-30
008560,1.68536E+13,1.36149E+13,2017-09-30
008560,1.7984E+13,1.46726E+13,2017-12-31
008560,2.19048E+13,1.86523E+13,2018-03-31
008560,2.44952E+13,2.11649E+13,2018-06-30
008560,2.48398E+13,2.15392E+13,2018-09-30
008560,2.36863E+13,2.02948E+13,2018-12-31
008560,2.818E+13,2.48076E+13,2019-03-31
008560,2.90074E+13,2.53777E+13,2019-06-30
008560,3.08991E+13,2.72552E+13,2019-09-30
008560,2.97341E+13,2.57497E+13,2019-12-31
008560,3.14527E+13,2.74839E+13,2020-03-31
008560,3.35488E+13,2.92346E+13,2020-06-30
008560,3.43307E+13,2.99023E+13,2020-09-30
008560,3.53181E+13,3.0771E+13,2020-12-31
008560,3.85931E+13,3.41116E+13,2021-03-31
008560,3.97096E+13,3.50054E+13,2021-06-30
008560,4.078E+13,3.60205E+13,2021-09-30
008560,4.19526E+13,3.68838E+13,2021-12-31
008560,4.67757E+13,4.17287E+13,2022-03-31
008560,4.80631E+13,4.28076E+13,2022-06-30
008560,4.8365E+13,4.29851E+13,2022-09-30
008560,4.31886E+13,3.78168E+13,2022-12-31
006800,3.45458E+13,3.02257E+13,2015-12-31
006800,3.62039E+13,3.19304E+13,2016-03-31
006800,3.76415E+13,3.33228E+13,2016-06-30
006800,3.59953E+13,3.16415E+13,2016-09-30
006800,5.59487E+13,4.93532E+13,2016-12-31
006800,5.7864E+13,5.12229E+13,2017-03-31
006800,6.00241E+13,5.28742E+13,2017-06-30
006800,5.79803E+13,5.0749E+13,2017-09-30
006800,5.74173E+13,5.00104E+13,2017-12-31
006800,6.13111E+13,5.32079E+13,2018-03-31
006800,6.74739E+13,5.9309E+13,2018-06-30
006800,6.4469E+13,5.62528E+13,2018-09-30
006800,6.66839E+13,5.84486E+13,2018-12-31
006800,6.64369E+13,5.82712E+13,2019-03-31
006800,6.9982E+13,6.16598E+13,2019-06-30
006800,6.84834E+13,5.99311E+13,2019-09-30
006800,6.94114E+13,6.07132E+13,2019-12-31
006800,7.96528E+13,7.11452E+13,2020-03-31
006800,7.815E+13,6.92663E+13,2020-06-30
006800,7.86841E+13,6.97251E+13,2020-09-30
006800,8.3481E+13,7.45093E+13,2020-12-31
006800,8.23576E+13,7.32257E+13,2021-03-31
006800,8.4572E+13,7.51823E+13,2021-06-30
006800,8.75462E+13,7.78655E+13,2021-09-30
006800,8.40242E+13,7.44425E+13,2021-12-31
006800,8.19457E+13,7.25959E+13,2022-03-31
006800,7.98147E+13,7.06327E+13,2022-06-30
006800,8.30109E+13,7.39729E+13,2022-09-30
006800,7.75382E+13,6.84386E+13,2022-12-31
001270,1.201E+12,7.81912E+11,2015-12-31
001270,3.99216E+12,3.5758E+12,2016-03-31
001270,4.53188E+12,4.10733E+12,2016-06-30
001270,4.98794E+12,4.56434E+12,2016-09-30
001270,1.42554E+12,9.74229E+11,2016-12-31
001270,3.95211E+12,3.50181E+12,2017-03-31
001270,4.43068E+12,3.9696E+12,2017-06-30
001270,4.05385E+12,3.58678E+12,2017-09-30
001270,1.37648E+12,9.08791E+11,2017-12-31
001270,3.83641E+12,3.40338E+12,2018-03-31
001270,4.33523E+12,3.89718E+12,2018-06-30
001270,3.99612E+12,3.55098E+12,2018-09-30
001270,1.4179E+12,9.68511E+11,2018-12-31
001270,4.38978E+12,3.93828E+12,2019-03-31
001270,5.03123E+12,4.56369E+12,2019-06-30
001270,4.38799E+12,3.92056E+12,2019-09-30
001270,1.46313E+12,9.94062E+11,2019-12-31
001270,4.29653E+12,3.83561E+12,2020-03-31
001270,5.28666E+12,4.79865E+12,2020-06-30
001270,4.52342E+12,4.01392E+12,2020-09-30
001270,1.57906E+12,1.04358E+12,2020-12-31
001270,5.15804E+12,4.6048E+12,2021-03-31
001270,5.17579E+12,4.57353E+12,2021-06-30
001270,4.58433E+12,3.96296E+12,2021-09-30
001270,1.58952E+12,9.62767E+11,2021-12-31
001270,4.2594E+12,3.63648E+12,2022-03-31
001270,5.19582E+12,4.52728E+12,2022-06-30
001270,4.67591E+12,3.9943E+12,2022-09-30
001270,1.42724E+12,7.61201E+11,2022-12-31
016360,2.99227E+13,2.64189E+13,2015-12-31
016360,3.17005E+13,2.83156E+13,2016-03-31
016360,3.29085E+13,2.94599E+13,2016-06-30
016360,3.19917E+13,2.85158E+13,2016-09-30
016360,3.19414E+13,2.81484E+13,2016-12-31
016360,3.23412E+13,2.81986E+13,2017-03-31
016360,3.38459E+13,2.96227E+13,2017-06-30
016360,3.53694E+13,3.10643E+13,2017-09-30
016360,3.61686E+13,3.17923E+13,2017-12-31
016360,3.79607E+13,3.35284E+13,2018-03-31
016360,3.609E+13,3.15409E+13,2018-06-30
016360,3.61226E+13,3.15266E+13,2018-09-30
016360,3.56332E+13,3.10253E+13,2018-12-31
016360,3.73033E+13,3.26902E+13,2019-03-31
016360,3.97747E+13,3.50651E+13,2019-06-30
016360,3.94619E+13,3.46771E+13,2019-09-30
016360,4.12277E+13,3.63628E+13,2019-12-31
016360,5.08992E+13,4.61973E+13,2020-03-31
016360,5.20649E+13,4.72119E+13,2020-06-30
016360,5.49183E+13,4.98339E+13,2020-09-30
016360,5.83405E+13,5.31336E+13,2020-12-31
016360,5.62537E+13,5.09606E+13,2021-03-31
016360,5.85529E+13,5.30018E+13,2021-06-30
016360,6.1421E+13,5.56196E+13,2021-09-30
016360,5.96417E+13,5.37162E+13,2021-12-31
016360,6.08801E+13,5.51538E+13,2022-03-31
016360,5.75061E+13,5.16486E+13,2022-06-30
016360,5.70644E+13,5.11103E+13,2022-09-30
016360,4.77082E+13,4.17285E+13,2022-12-31
001290,6.70212E+11,5.26707E+11,2015-12-31
001290,1.02017E+12,8.78028E+11,2016-03-31
001290,1.18539E+12,1.04243E+12,2016-06-30
001290,6.89046E+11,5.48974E+11,2016-09-30
001290,5.20569E+11,3.77758E+11,2016-12-31
001290,6.95893E+11,5.53099E+11,2017-03-31
001290,6.38762E+11,4.96045E+11,2017-06-30
001290,6.41633E+11,4.98975E+11,2017-09-30
001290,8.11256E+11,6.70583E+11,2017-12-31
001290,5.91509E+11,4.85046E+11,2018-03-31
001290,5.05845E+11,4.01084E+11,2018-06-30
001290,4.67544E+11,3.66701E+11,2018-09-30
001290,4.68978E+11,3.69024E+11,2018-12-31
001290,5.80926E+11,4.27517E+11,2019-03-31
001290,5.9278E+11,4.34352E+11,2019-06-30
001290,5.10002E+11,3.52881E+11,2019-09-30
001290,4.46768E+11,2.9026E+11,2019-12-31
001290,5.0146E+11,3.43231E+11,2020-03-31
001290,5.1582E+11,3.43961E+11,2020-06-30
001290,4.84596E+11,3.13247E+11,2020-09-30
001290,4.88256E+11,3.0987E+11,2020-12-31
001290,5.19127E+11,3.34164E+11,2021-03-31
001290,5.72924E+11,3.78635E+11,2021-06-30
001290,6.02713E+11,4.05168E+11,2021-09-30
001290,5.85046E+11,3.87555E+11,2021-12-31
001290,5.71767E+11,3.62236E+11,2022-03-31
001290,6.01574E+11,3.56737E+11,2022-06-30
001290,5.77997E+11,3.36087E+11,2022-09-30
001290,6.0035E+11,3.74047E+11,2022-12-31
001720,7.71232E+12,6.7131E+12,2015-12-31
001720,8.01255E+12,7.0187E+12,2016-03-31
001720,9.32557E+12,8.31834E+12,2016-06-30
001720,9.27595E+12,8.26633E+12,2016-09-30
001720,8.65117E+12,7.63763E+12,2016-12-31
001720,8.58483E+12,7.54554E+12,2017-03-31
001720,9.84078E+12,8.78009E+12,2017-06-30
001720,8.56815E+12,7.50538E+12,2017-09-30
001720,8.34306E+12,7.2738E+12,2017-12-31
001720,8.67295E+12,7.60075E+12,2018-03-31
001720,9.4166E+12,8.32353E+12,2018-06-30
001720,9.27686E+12,8.17847E+12,2018-09-30
001720,9.01341E+12,7.92629E+12,2018-12-31
001720,9.74008E+12,8.63572E+12,2019-03-31
001720,1.01562E+13,9.03727E+12,2019-06-30
001720,9.604E+12,8.49173E+12,2019-09-30
001720,9.33794E+12,8.19242E+12,2019-12-31
001720,9.40922E+12,8.31552E+12,2020-03-31
001720,1.03532E+13,9.22704E+12,2020-06-30
001720,1.02972E+13,9.13066E+12,2020-09-30
001720,1.01984E+13,8.95899E+12,2020-12-31
001720,9.52261E+12,8.25226E+12,2021-03-31
001720,1.01745E+13,8.88767E+12,2021-06-30
001720,1.00141E+13,8.71319E+12,2021-09-30
001720,1.07283E+13,9.4245E+12,2021-12-31
001720,1.04005E+13,9.03156E+12,2022-03-31
001720,1.07437E+13,9.44631E+12,2022-06-30
001720,1.11976E+13,9.882E+12,2022-09-30
001720,9.83834E+12,8.53071E+12,2022-12-31
003470,8.90364E+12,7.9306E+12,2015-12-31
003470,9.902E+12,8.9319E+12,2016-03-31
003470,1.01717E+13,9.18233E+12,2016-06-30
003470,9.71597E+12,8.73162E+12,2016-09-30
003470,1.01193E+13,9.11444E+12,2016-12-31
003470,1.07987E+13,9.79484E+12,2017-03-31
003470,1.12664E+13,1.02462E+13,2017-06-30
003470,1.12461E+13,1.02024E+13,2017-09-30
003470,1.11934E+13,1.01193E+13,2017-12-31
003470,1.20337E+13,1.09389E+13,2018-03-31
003470,1.16727E+13,1.05362E+13,2018-06-30
003470,1.14558E+13,1.0298E+13,2018-09-30
003470,1.13111E+13,1.0151E+13,2018-12-31
003470,1.18887E+13,1.07203E+13,2019-03-31
003470,1.22208E+13,1.10256E+13,2019-06-30
003470,1.16E+13,1.03909E+13,2019-09-30
003470,1.16592E+13,1.04284E+13,2019-12-31
003470,1.33695E+13,1.21238E+13,2020-03-31
003470,1.33657E+13,1.20948E+13,2020-06-30
003470,1.39578E+13,1.26502E+13,2020-09-30
003470,1.4304E+13,1.29475E+13,2020-12-31
003470,1.41528E+13,1.27142E+13,2021-03-31
003470,1.50655E+13,1.35745E+13,2021-06-30
003470,1.43596E+13,1.28277E+13,2021-09-30
003470,1.40786E+13,1.25968E+13,2021-12-31
003470,1.46875E+13,1.32274E+13,2022-03-31
003470,1.43662E+13,1.28629E+13,2022-06-30
003470,1.41779E+13,1.26525E+13,2022-09-30
003470,1.29E+13,1.13935E+13,2022-12-31
001200,4.96708E+12,4.35845E+12,2015-12-31
001200,6.10626E+12,5.48529E+12,2016-03-31
001200,6.31205E+12,5.67706E+12,2016-06-30
001200,6.29949E+12,5.65899E+12,2016-09-30
001200,5.3177E+12,4.65883E+12,2016-12-31
001200,6.07092E+12,5.39269E+12,2017-03-31
001200,7.67019E+12,6.9828E+12,2017-06-30
001200,6.36115E+12,5.66408E+12,2017-09-30
001200,6.71155E+12,5.99949E+12,2017-12-31
001200,7.89686E+12,7.17598E+12,2018-03-31
001200,7.18924E+12,6.45038E+12,2018-06-30
001200,6.57797E+12,5.8319E+12,2018-09-30
001200,6.48999E+12,5.73511E+12,2018-12-31
001200,7.34927E+12,6.59267E+12,2019-03-31
001200,7.26641E+12,6.49553E+12,2019-06-30
001200,7.13126E+12,6.34881E+12,2019-09-30
001200,7.37767E+12,6.59313E+12,2019-12-31
001200,8.77653E+12,7.98351E+12,2020-03-31
001200,8.918E+12,8.09373E+12,2020-06-30
001200,9.21184E+12,8.36691E+12,2020-09-30
001200,9.52707E+12,8.66416E+12,2020-12-31
001200,9.32815E+12,8.43921E+12,2021-03-31
001200,8.57133E+12,7.64371E+12,2021-06-30
001200,8.95465E+12,8.01794E+12,2021-09-30
001200,8.7063E+12,7.75853E+12,2021-12-31
001200,8.6405E+12,7.69199E+12,2022-03-31
001200,8.6345E+12,7.63041E+12,2022-06-30
001200,8.3751E+12,7.36964E+12,2022-09-30
001200,7.51898E+12,6.57025E+12,2022-12-31
003460,6.08234E+11,1.38859E+11,2015-12-31
003460,6.24414E+11,1.73503E+11,2016-03-31
003460,6.56706E+11,2.03645E+11,2016-06-30
003460,6.54155E+11,2.02326E+11,2016-09-30
003460,6.30752E+11,1.73199E+11,2016-12-31
003460,6.08863E+11,1.60346E+11,2017-03-31
003460,5.92722E+11,1.40132E+11,2017-06-30
003460,5.96253E+11,1.42843E+11,2017-09-30
003460,6.35593E+11,1.76181E+11,2017-12-31
003460,6.73912E+11,2.24678E+11,2018-03-31
003460,7.17433E+11,2.65746E+11,2018-06-30
003460,6.34484E+11,1.7977E+11,2018-09-30
003460,6.24739E+11,1.68707E+11,2018-12-31
003460,6.38999E+11,1.91615E+11,2019-03-31
003460,6.39323E+11,1.8134E+11,2019-06-30
003460,6.16315E+11,1.55169E+11,2019-09-30
003460,6.20898E+11,1.62437E+11,2019-12-31
003460,6.49068E+11,1.99502E+11,2020-03-31
003460,6.87807E+11,2.24843E+11,2020-06-30
003460,6.82845E+11,2.1807E+11,2020-09-30
003460,7.19643E+11,2.4801E+11,2020-12-31
003460,7.52095E+11,2.7737E+11,2021-03-31
003460,7.22234E+11,2.4076E+11,2021-06-30
003460,7.27149E+11,2.42305E+11,2021-09-30
003460,7.34695E+11,2.48858E+11,2021-12-31
003460,7.23627E+11,2.41916E+11,2022-03-31
003460,7.65569E+11,2.44416E+11,2022-06-30
003460,7.55269E+11,2.33172E+11,2022-09-30
003460,6.89335E+11,1.90958E+11,2022-12-31
078020,2.65395E+12,2.28384E+12,2015-12-31
078020,3.56347E+12,3.20819E+12,2016-03-31
078020,4.32652E+12,3.96414E+12,2016-06-30
078020,3.62908E+12,3.26213E+12,2016-09-30
078020,2.66926E+12,2.29683E+12,2016-12-31
078020,3.19061E+12,2.82998E+12,2017-03-31
078020,3.48401E+12,3.10703E+12,2017-06-30
078020,2.9928E+12,2.61181E+12,2017-09-30
078020,3.12343E+12,2.73371E+12,2017-12-31
078020,4.14478E+12,3.7547E+12,2018-03-31
078020,4.53713E+12,4.13725E+12,2018-06-30
078020,3.5678E+12,3.16137E+12,2018-09-30
078020,3.16474E+12,2.76051E+12,2018-12-31
078020,3.64118E+12,3.2356E+12,2019-03-31
078020,4.58391E+12,4.08826E+12,2019-06-30
078020,4.46117E+12,3.95899E+12,2019-09-30
078020,4.53538E+12,4.02043E+12,2019-12-31
078020,7.69614E+12,7.06953E+12,2020-03-31
078020,7.89799E+12,7.24007E+12,2020-06-30
078020,7.705E+12,7.00169E+12,2020-09-30
078020,7.76982E+12,7.02882E+12,2020-12-31
078020,7.08373E+12,6.26673E+12,2021-03-31
078020,6.8595E+12,5.99704E+12,2021-06-30
078020,6.7063E+12,5.80548E+12,2021-09-30
078020,6.92117E+12,5.99261E+12,2021-12-31
078020,6.48124E+12,5.56896E+12,2022-03-31
078020,6.76152E+12,5.83438E+12,2022-06-30
078020,6.78079E+12,5.84606E+12,2022-09-30
078020,6.16354E+12,5.24391E+12,2022-12-31
190650,4.37174E+11,3.94633E+11,2015-12-31
190650,68365000000,25963000000,2016-03-31
190650,1.20871E+12,1.1647E+12,2016-06-30
190650,1.39866E+12,1.35263E+12,2016-09-30
190650,3.99235E+11,3.5686E+11,2016-12-31
190650,62030000000,19164000000,2017-03-31
190650,8.87627E+11,8.44132E+11,2017-06-30
190650,1.24094E+12,1.19811E+12,2017-09-30
190650,5.22904E+11,4.76058E+11,2017-12-31
190650,78625000000,30825000000,2018-03-31
190650,2.00721E+12,1.95657E+12,2018-06-30
190650,2.11118E+12,2.06163E+12,2018-09-30
190650,4.20811E+11,3.69449E+11,2018-12-31
190650,78456000000,29456000000,2019-03-31
190650,1.9202E+12,1.86896E+12,2019-06-30
190650,1.31368E+12,1.2624E+12,2019-09-30
190650,5.05005E+11,4.37073E+11,2019-12-31
190650,2.85982E+11,2.16343E+11,2020-03-31
190650,1.34932E+12,1.27933E+12,2020-06-30
190650,5.99408E+11,5.24228E+11,2020-09-30
190650,6.38033E+11,5.60674E+11,2020-12-31
190650,2.67965E+11,1.86926E+11,2021-03-31
190650,6.90976E+11,6.07522E+11,2021-06-30
190650,8.17278E+11,7.29473E+11,2021-09-30
190650,6.59999E+11,5.65312E+11,2021-12-31
190650,3.02619E+11,2.07062E+11,2022-03-31
190650,6.78303E+11,5.86676E+11,2022-06-30
190650,6.27318E+11,5.37498E+11,2022-09-30
190650,6.06434E+11,5.1724E+11,2022-12-31
039490,5.32945E+12,4.27351E+12,2015-12-31
039490,6.21929E+12,5.13486E+12,2016-03-31
039490,6.89177E+12,5.77729E+12,2016-06-30
039490,7.70826E+12,6.56507E+12,2016-09-30
039490,7.50629E+12,6.3383E+12,2016-12-31
039490,8.14964E+12,6.94268E+12,2017-03-31
039490,9.14256E+12,7.77133E+12,2017-06-30
039490,9.3733E+12,7.98086E+12,2017-09-30
039490,9.81099E+12,8.41289E+12,2017-12-31
039490,1.19209E+13,1.01377E+13,2018-03-31
039490,1.34847E+13,1.1607E+13,2018-06-30
039490,1.48965E+13,1.29618E+13,2018-09-30
039490,1.50057E+13,1.30831E+13,2018-12-31
039490,1.81431E+13,1.61754E+13,2019-03-31
039490,1.87072E+13,1.66989E+13,2019-06-30
039490,1.87948E+13,1.68019E+13,2019-09-30
039490,1.97228E+13,1.7689E+13,2019-12-31
039490,2.55677E+13,2.36182E+13,2020-03-31
039490,2.70552E+13,2.49068E+13,2020-06-30
039490,2.86534E+13,2.63046E+13,2020-09-30
039490,3.18431E+13,2.93196E+13,2020-12-31
039490,3.22372E+13,2.95084E+13,2021-03-31
039490,3.50247E+13,3.16409E+13,2021-06-30
039490,3.73288E+13,3.37364E+13,2021-09-30
039490,3.79441E+13,3.41508E+13,2021-12-31
039490,3.82689E+13,3.44085E+13,2022-03-31
039490,3.60162E+13,3.21618E+13,2022-06-30
039490,3.89501E+13,3.49854E+13,2022-09-30
039490,3.93693E+13,3.53001E+13,2022-12-31
001750,9.63517E+11,7.00889E+11,2015-12-31
001750,2.11823E+12,1.8583E+12,2016-03-31
001750,1.81322E+12,1.5503E+12,2016-06-30
001750,1.91462E+12,1.65104E+12,2016-09-30
001750,1.10774E+12,8.39481E+11,2016-12-31
001750,1.79355E+12,1.52852E+12,2017-03-31
001750,2.52287E+12,2.25604E+12,2017-06-30
001750,2.91836E+12,2.65181E+12,2017-09-30
001750,1.71674E+12,1.44783E+12,2017-12-31
001750,2.74551E+12,2.48102E+12,2018-03-31
001750,3.00005E+12,2.73198E+12,2018-06-30
001750,3.23956E+12,2.97045E+12,2018-09-30
001750,1.84468E+12,1.57483E+12,2018-12-31
001750,2.25896E+12,1.98923E+12,2019-03-31
001750,3.18171E+12,2.89865E+12,2019-06-30
001750,3.333E+12,3.04158E+12,2019-09-30
001750,1.82218E+12,1.52747E+12,2019-12-31
001750,4.02146E+12,3.72515E+12,2020-03-31
001750,3.9449E+12,3.6273E+12,2020-06-30
001750,3.46614E+12,3.12858E+12,2020-09-30
001750,1.96771E+12,1.61664E+12,2020-12-31
001750,4.51374E+12,4.14313E+12,2021-03-31
001750,3.78203E+12,3.38172E+12,2021-06-30
001750,3.33846E+12,2.91866E+12,2021-09-30
001750,1.6334E+12,1.20105E+12,2021-12-31
001750,4.20865E+12,3.77528E+12,2022-03-31
001750,3.91323E+12,3.43827E+12,2022-06-30
001750,4.2433E+12,3.76536E+12,2022-09-30
001750,1.50289E+12,1.0435E+12,2022-12-31
003530,7.48743E+12,6.69283E+12,2015-12-31
003530,6.265E+12,5.53908E+12,2016-03-31
003530,6.11178E+12,5.45999E+12,2016-06-30
003530,6.33762E+12,5.49195E+12,2016-09-30
003530,6.70164E+12,5.87641E+12,2016-12-31
003530,7.05507E+12,6.21277E+12,2017-03-31
003530,7.04705E+12,6.1889E+12,2017-06-30
003530,6.57368E+12,5.70879E+12,2017-09-30
003530,6.44096E+12,5.56876E+12,2017-12-31
003530,6.99626E+12,6.10245E+12,2018-03-31
003530,7.36142E+12,6.44745E+12,2018-06-30
003530,7.17624E+12,6.24072E+12,2018-09-30
003530,6.85902E+12,5.9137E+12,2018-12-31
003530,7.49642E+12,6.52271E+12,2019-03-31
003530,8.29188E+12,7.28501E+12,2019-06-30
003530,7.90011E+12,6.77554E+12,2019-09-30
003530,9.11939E+12,7.9632E+12,2019-12-31
003530,1.00653E+13,8.94904E+12,2020-03-31
003530,1.06817E+13,9.51473E+12,2020-06-30
003530,1.01149E+13,8.89684E+12,2020-09-30
003530,1.12582E+13,1.00082E+13,2020-12-31
003530,1.07762E+13,9.47176E+12,2021-03-31
003530,1.08141E+13,9.32628E+12,2021-06-30
003530,1.07697E+13,9.1837E+12,2021-09-30
003530,1.09894E+13,9.12867E+12,2021-12-31
003530,1.09531E+13,9.07966E+12,2022-03-31
003530,1.11815E+13,9.35516E+12,2022-06-30
003530,1.2324E+13,1.06551E+13,2022-09-30
003530,1.11097E+13,9.52469E+12,2022-12-31
001500,5.0388E+12,4.31773E+12,2015-12-31
001500,6.65692E+12,5.93525E+12,2016-03-31
001500,6.83737E+12,6.092E+12,2016-06-30
001500,6.85867E+12,6.10387E+12,2016-09-30
001500,5.13731E+12,4.38385E+12,2016-12-31
001500,7.08951E+12,6.33468E+12,2017-03-31
001500,7.4727E+12,6.70476E+12,2017-06-30
001500,7.24676E+12,6.45707E+12,2017-09-30
001500,6.38001E+12,5.5887E+12,2017-12-31
001500,7.3216E+12,6.52583E+12,2018-03-31
001500,7.23247E+12,6.42554E+12,2018-06-30
001500,6.53898E+12,5.70976E+12,2018-09-30
001500,5.86011E+12,5.02635E+12,2018-12-31
001500,7.5592E+12,6.71729E+12,2019-03-31
001500,7.42152E+12,6.55584E+12,2019-06-30
001500,7.1122E+12,6.23164E+12,2019-09-30
001500,6.55407E+12,5.56548E+12,2019-12-31
001500,8.93591E+12,7.94425E+12,2020-03-31
001500,9.54113E+12,8.51039E+12,2020-06-30
001500,9.20353E+12,8.13096E+12,2020-09-30
001500,8.64798E+12,7.58265E+12,2020-12-31
001500,1.01069E+13,9.02078E+12,2021-03-31
001500,9.16607E+12,8.04774E+12,2021-06-30
001500,8.97285E+12,7.82369E+12,2021-09-30
001500,7.96549E+12,6.80626E+12,2021-12-31
001500,9.15655E+12,8.0023E+12,2022-03-31
001500,8.48394E+12,7.27206E+12,2022-06-30
001500,9.54192E+12,8.31151E+12,2022-09-30
001500,9.43177E+12,8.21553E+12,2022-12-31
029780,1.89528E+13,1.22471E+13,2015-12-31
029780,1.86456E+13,1.20379E+13,2016-03-31
029780,1.92599E+13,1.25598E+13,2016-06-30
029780,2.02189E+13,1.35423E+13,2016-09-30
029780,2.17093E+13,1.50789E+13,2016-12-31
029780,2.08941E+13,1.43066E+13,2017-03-31
029780,2.18185E+13,1.51224E+13,2017-06-30
029780,2.3484E+13,1.6697E+13,2017-09-30
029780,2.30355E+13,1.61235E+13,2017-12-31
029780,2.35202E+13,1.68061E+13,2018-03-31
029780,2.43798E+13,1.76333E+13,2018-06-30
029780,2.48877E+13,1.80759E+13,2018-09-30
029780,2.30047E+13,1.62286E+13,2018-12-31
029780,2.32587E+13,1.65314E+13,2019-03-31
029780,2.20747E+13,1.53068E+13,2019-06-30
029780,2.18114E+13,1.49846E+13,2019-09-30
029780,2.19716E+13,1.50676E+13,2019-12-31
029780,2.21531E+13,1.5361E+13,2020-03-31
029780,2.29759E+13,1.60687E+13,2020-06-30
029780,2.44201E+13,1.73609E+13,2020-09-30
029780,2.33537E+13,1.62357E+13,2020-12-31
029780,2.37869E+13,1.66999E+13,2021-03-31
029780,2.51469E+13,1.78956E+13,2021-06-30
029780,2.6317E+13,1.89324E+13,2021-09-30
029780,2.7003E+13,1.95102E+13,2021-12-31
029780,2.74662E+13,2.00328E+13,2022-03-31
029780,2.88261E+13,2.12354E+13,2022-06-30
029780,2.94392E+13,2.16991E+13,2022-09-30
029780,2.94073E+13,2.15659E+13,2022-12-31
123890,3.20545E+11,1.03908E+11,2015-12-31
123890,3.38643E+11,1.17217E+11,2016-03-31
123890,3.56108E+11,1.21447E+11,2016-06-30
123890,5.02464E+11,1.33853E+11,2016-09-30
123890,5.21721E+11,1.32489E+11,2016-12-31
123890,5.48474E+11,1.50359E+11,2017-03-31
123890,6.21722E+11,1.92597E+11,2017-06-30
123890,6.81427E+11,2.27912E+11,2017-09-30
123890,7.18192E+11,2.4207E+11,2017-12-31
123890,7.74817E+11,3.02948E+11,2018-03-31
123890,7.8158E+11,2.80947E+11,2018-06-30
123890,8.52971E+11,3.33687E+11,2018-09-30
123890,9.4451E+11,3.95664E+11,2018-12-31
123890,1.13296E+12,5.82725E+11,2019-03-31
123890,1.20219E+12,6.34361E+11,2019-06-30
123890,1.14175E+12,5.51768E+11,2019-09-30
123890,1.15156E+12,5.43803E+11,2019-12-31
123890,1.14514E+12,5.32928E+11,2020-03-31
123890,1.13866E+12,4.96288E+11,2020-06-30
123890,1.08224E+12,4.09071E+11,2020-09-30
123890,1.09235E+12,3.8431E+11,2020-12-31
123890,1.10594E+12,4.0461E+11,2021-03-31
123890,1.04023E+12,3.14954E+11,2021-06-30
123890,9.7044E+11,2.2746E+11,2021-09-30
123890,9.64064E+11,2.01495E+11,2021-12-31
123890,9.86028E+11,2.2638E+11,2022-03-31
123890,9.34764E+11,1.57626E+11,2022-06-30
123890,9.44714E+11,1.47534E+11,2022-09-30
123890,9.69757E+11,1.57941E+11,2022-12-31
034830,6.44684E+11,1.55304E+11,2015-12-31
034830,7.00785E+11,2.06344E+11,2016-03-31
034830,6.87553E+11,1.74554E+11,2016-06-30
034830,8.15177E+11,2.78247E+11,2016-09-30
034830,9.14054E+11,3.52757E+11,2016-12-31
034830,9.87866E+11,4.1647E+11,2017-03-31
034830,1.01468E+12,4.09631E+11,2017-06-30
034830,1.06427E+12,4.26915E+11,2017-09-30
034830,1.14549E+12,4.73885E+11,2017-12-31
034830,1.11903E+12,4.56473E+11,2018-03-31
034830,1.15107E+12,4.57372E+11,2018-06-30
034830,1.25562E+12,5.3064E+11,2018-09-30
034830,1.28363E+12,5.3547E+11,2018-12-31
034830,1.22836E+12,4.78041E+11,2019-03-31
034830,1.34768E+12,5.74946E+11,2019-06-30
034830,1.26903E+12,4.78734E+11,2019-09-30
034830,1.30981E+12,5.16331E+11,2019-12-31
034830,1.3456E+12,5.53927E+11,2020-03-31
034830,1.33987E+12,5.45366E+11,2020-06-30
034830,1.41536E+12,6.13062E+11,2020-09-30
034830,1.37741E+12,5.60191E+11,2020-12-31
034830,1.36235E+12,5.56657E+11,2021-03-31
034830,1.39016E+12,5.56139E+11,2021-06-30
034830,1.4299E+12,5.66394E+11,2021-09-30
034830,1.45227E+12,5.89453E+11,2021-12-31
034830,1.53364E+12,6.85412E+11,2022-03-31
034830,1.44815E+12,5.85408E+11,2022-06-30
034830,1.46491E+12,5.89268E+11,2022-09-30
034830,1.47438E+12,5.94274E+11,2022-12-31
021880,41830000000,17669000000,2015-12-31
021880,45876000000,18696000000,2016-03-31
021880,51052000000,16172000000,2016-06-30
021880,73446000000,40246000000,2016-09-30
021880,91359000000,58726000000,2016-12-31
021880,95649000000,61664000000,2017-03-31
021880,1.05895E+11,73938000000,2017-06-30
021880,1.03276E+11,70346000000,2017-09-30
021880,78154000000,37721000000,2017-12-31
021880,76578000000,33982000000,2018-03-31
021880,77181000000,34134000000,2018-06-30
021880,77119000000,31586000000,2018-09-30
021880,68400000000,24223000000,2018-12-31
021880,73358000000,35660000000,2019-03-31
021880,70436000000,32223000000,2019-06-30
021880,65489000000,30270000000,2019-09-30
021880,65296000000,27719000000,2019-12-31
021880,47638000000,17069000000,2020-03-31
021880,39587000000,9590000000,2020-06-30
021880,39373000000,7647000000,2020-09-30
021880,41810000000,10440000000,2020-12-31
021880,42939000000,10606000000,2021-03-31
021880,68551000000,10884000000,2021-06-30
021880,67889000000,10641000000,2021-09-30
021880,67584000000,10598000000,2021-12-31
021880,67213000000,10701000000,2022-03-31
021880,67179000000,10660000000,2022-06-30
021880,68062000000,12223000000,2022-09-30
021880,64802000000,10928000000,2022-12-31
023760,1.36809E+12,1.17728E+12,2015-12-31
023760,1.39567E+12,1.20461E+12,2016-03-31
023760,1.4658E+12,1.27206E+12,2016-06-30
023760,1.49174E+12,1.29416E+12,2016-09-30
023760,1.47331E+12,1.27503E+12,2016-12-31
023760,1.54272E+12,1.34563E+12,2017-03-31
023760,1.53019E+12,1.332E+12,2017-06-30
023760,1.49448E+12,1.29575E+12,2017-09-30
023760,1.57969E+12,1.38095E+12,2017-12-31
023760,1.74021E+12,1.55663E+12,2018-03-31
023760,1.76328E+12,1.57562E+12,2018-06-30
023760,1.83563E+12,1.58472E+12,2018-09-30
023760,1.93159E+12,1.67854E+12,2018-12-31
023760,2.08184E+12,1.82454E+12,2019-03-31
023760,2.10677E+12,1.84224E+12,2019-06-30
023760,2.23209E+12,1.96355E+12,2019-09-30
023760,2.26797E+12,1.9803E+12,2019-12-31
023760,2.37055E+12,2.08188E+12,2020-03-31
023760,2.43534E+12,2.13887E+12,2020-06-30
023760,2.5568E+12,2.24962E+12,2020-09-30
023760,2.67795E+12,2.37123E+12,2020-12-31
023760,2.81783E+12,2.49819E+12,2021-03-31
023760,3.04105E+12,2.7174E+12,2021-06-30
023760,3.28892E+12,2.90221E+12,2021-09-30
023760,3.29925E+12,2.89502E+12,2021-12-31
023760,3.54027E+12,3.12534E+12,2022-03-31
023760,3.56645E+12,3.13321E+12,2022-06-30
023760,3.73381E+12,3.2833E+12,2022-09-30
023760,3.46833E+12,3.01168E+12,2022-12-31
007330,1.90105E+11,7.54209E+11,2015-12-31
007330,1.95514E+11,7.41674E+11,2016-03-31
007330,2.04409E+11,7.18492E+11,2016-06-30
007330,2.10572E+11,6.92918E+11,2016-09-30
007330,2.15547E+11,8.40513E+11,2016-12-31
007330,2.14269E+11,7.31481E+11,2017-03-31
007330,2.23592E+11,7.25842E+11,2017-06-30
007330,2.26916E+11,7.5221E+11,2017-09-30
007330,2.31225E+11,7.97851E+11,2017-12-31
007330,2.2881E+11,7.88328E+11,2018-03-31
007330,2.37805E+11,7.64788E+11,2018-06-30
007330,2.45204E+11,7.76E+11,2018-09-30
007330,2.47613E+11,8.00536E+11,2018-12-31
007330,2.48627E+11,8.19704E+11,2019-03-31
007330,2.53431E+11,7.79991E+11,2019-06-30
007330,2.55609E+11,7.58015E+11,2019-09-30
007330,2.65361E+11,7.30005E+11,2019-12-31
007330,2.61742E+11,6.89329E+11,2020-03-31
007330,2.66584E+11,6.908E+11,2020-06-30
007330,2.72126E+11,7.37771E+11,2020-09-30
007330,2.77693E+11,7.98438E+11,2020-12-31
007330,2.73195E+11,8.3065E+11,2021-03-31
007330,2.8365E+11,8.46691E+11,2021-06-30
007330,2.92354E+11,8.17789E+11,2021-09-30
007330,2.96327E+11,9.09151E+11,2021-12-31
007330,2.87699E+11,9.49116E+11,2022-03-31
007330,2.90074E+11,1.04104E+12,2022-06-30
007330,3.04704E+11,1.07348E+12,2022-09-30
007330,3.09402E+11,3.09402E+11,2022-12-31
138930,6.19068E+12,8.40889E+13,2015-12-31
138930,6.78072E+12,8.32401E+13,2016-03-31
138930,6.94519E+12,8.59241E+13,2016-06-30
138930,7.07109E+12,8.57758E+13,2016-09-30
138930,7.08715E+12,8.6395E+13,2016-12-31
138930,7.18049E+12,8.7864E+13,2017-03-31
138930,7.34433E+12,8.94512E+13,2017-06-30
138930,7.78806E+12,8.8306E+13,2017-09-30
138930,7.65602E+12,8.6694E+13,2017-12-31
138930,7.93269E+12,8.80007E+13,2018-03-31
138930,8.2918E+12,8.95898E+13,2018-06-30
138930,8.47311E+12,9.15598E+13,2018-09-30
138930,8.42496E+12,9.03686E+13,2018-12-31
138930,8.59139E+12,9.36612E+13,2019-03-31
138930,8.87024E+12,9.53459E+13,2019-06-30
138930,9.15028E+12,9.57336E+13,2019-09-30
138930,9.18117E+12,9.53576E+13,2019-12-31
138930,9.33679E+12,9.68695E+13,2020-03-31
138930,9.50505E+12,1.02007E+14,2020-06-30
138930,9.58295E+12,1.01405E+14,2020-09-30
138930,9.62628E+12,1.04531E+14,2020-12-31
138930,9.69447E+12,1.10074E+14,2021-03-31
138930,9.94606E+12,1.15389E+14,2021-06-30
138930,1.02027E+13,1.19617E+14,2021-09-30
138930,1.02232E+13,1.18064E+14,2021-12-31
138930,1.02702E+13,1.22412E+14,2022-03-31
138930,1.08081E+13,1.24495E+14,2022-06-30
138930,1.0776E+13,1.26094E+14,2022-09-30
138930,1.08323E+13,1.26134E+14,2022-12-31
175330,2.67874E+12,3.71324E+13,2015-12-31
175330,2.71708E+12,3.82881E+13,2016-03-31
175330,2.78713E+12,3.97241E+13,2016-06-30
175330,2.92916E+12,4.13586E+13,2016-09-30
175330,2.96381E+12,4.28351E+13,2016-12-31
175330,2.98569E+12,4.33458E+13,2017-03-31
175330,3.09275E+12,4.39586E+13,2017-06-30
175330,3.17551E+12,4.46859E+13,2017-09-30
175330,3.08638E+12,4.45073E+13,2017-12-31
175330,3.0989E+12,4.48088E+13,2018-03-31
175330,3.27826E+12,4.43996E+13,2018-06-30
175330,3.45105E+12,4.37181E+13,2018-09-30
175330,3.45775E+12,4.33215E+13,2018-12-31
175330,3.52092E+12,4.30064E+13,2019-03-31
175330,3.89345E+12,4.26583E+13,2019-06-30
175330,3.78602E+12,4.29403E+13,2019-09-30
175330,3.81978E+12,4.37098E+13,2019-12-31
175330,3.86912E+12,4.52765E+13,2020-03-31
175330,3.95531E+12,4.78989E+13,2020-06-30
175330,3.96172E+12,4.8899E+13,2020-09-30
175330,4.02886E+12,4.93466E+13,2020-12-31
175330,4.07488E+12,4.96986E+13,2021-03-31
175330,4.1695E+12,5.0376E+13,2021-06-30
175330,4.22803E+12,5.13408E+13,2021-09-30
175330,4.32669E+12,5.2069E+13,2021-12-31
175330,4.34574E+12,5.36173E+13,2022-03-31
175330,4.47969E+12,5.44511E+13,2022-06-30
175330,4.63793E+12,5.5516E+13,2022-09-30
175330,4.76301E+12,5.50652E+13,2022-12-31
139130,3.77715E+12,4.73673E+13,2015-12-31
139130,3.8387E+12,4.84741E+13,2016-03-31
139130,3.94458E+12,4.95204E+13,2016-06-30
139130,4.00551E+12,4.88948E+13,2016-09-30
139130,3.97233E+12,4.94901E+13,2016-12-31
139130,4.01812E+12,5.12606E+13,2017-03-31
139130,4.11424E+12,5.27558E+13,2017-06-30
139130,4.18004E+12,5.36641E+13,2017-09-30
139130,4.19579E+12,5.2538E+13,2017-12-31
139130,4.42992E+12,5.35713E+13,2018-03-31
139130,4.5453E+12,5.46554E+13,2018-06-30
139130,4.73494E+12,5.45957E+13,2018-09-30
139130,5.06308E+12,5.99775E+13,2018-12-31
139130,5.12906E+12,6.36525E+13,2019-03-31
139130,5.25078E+12,6.42157E+13,2019-06-30
139130,5.43338E+12,6.43064E+13,2019-09-30
139130,5.42834E+12,6.69694E+13,2019-12-31
139130,5.56307E+12,6.97443E+13,2020-03-31
139130,5.67369E+12,7.2569E+13,2020-06-30
139130,5.81837E+12,7.3828E+13,2020-09-30
139130,5.80405E+12,7.41678E+13,2020-12-31
139130,5.90328E+12,7.75938E+13,2021-03-31
139130,6.0605E+12,8.0266E+13,2021-06-30
139130,6.28505E+12,7.98623E+13,2021-09-30
139130,6.32733E+12,7.95787E+13,2021-12-31
139130,6.19623E+12,8.32025E+13,2022-03-31
139130,6.12444E+12,8.3423E+13,2022-06-30
139130,6.1395E+12,8.7846E+13,2022-09-30
139130,6.21516E+12,8.4802E+13,2022-12-31
138040,3.62934E+12,2.83969E+13,2015-12-31
138040,3.659E+12,3.29499E+13,2016-03-31
138040,4.18448E+12,3.26808E+13,2016-06-30
138040,4.35437E+12,3.51757E+13,2016-09-30
138040,3.98659E+12,3.35571E+13,2016-12-31
138040,3.97983E+12,3.76351E+13,2017-03-31
138040,4.6541E+12,3.66365E+13,2017-06-30
138040,4.74714E+12,3.57112E+13,2017-09-30
138040,4.83192E+12,3.72209E+13,2017-12-31
138040,4.629E+12,4.18051E+13,2018-03-31
138040,4.83704E+12,4.54301E+13,2018-06-30
138040,5.03085E+12,4.69178E+13,2018-09-30
138040,5.45464E+12,4.67506E+13,2018-12-31
138040,5.5918E+12,5.1252E+13,2019-03-31
138040,6.05545E+12,5.33041E+13,2019-06-30
138040,6.23647E+12,5.57952E+13,2019-09-30
138040,5.96187E+12,5.58022E+13,2019-12-31
138040,5.97221E+12,6.00051E+13,2020-03-31
138040,6.45621E+12,6.14897E+13,2020-06-30
138040,6.78844E+12,6.15098E+13,2020-09-30
138040,6.87731E+12,6.26871E+13,2020-12-31
138040,6.55503E+12,6.62152E+13,2021-03-31
138040,6.64406E+12,6.87651E+13,2021-06-30
138040,6.81113E+12,7.08423E+13,2021-09-30
138040,6.88329E+12,7.51476E+13,2021-12-31
138040,6.33471E+12,8.01011E+13,2022-03-31
138040,5.72438E+12,8.35371E+13,2022-06-30
138040,5.55055E+12,8.54867E+13,2022-09-30
138040,5.95585E+12,8.68013E+13,2022-12-31
055550,3.18096E+13,3.3873E+14,2015-12-31
055550,3.09571E+13,3.4759E+14,2016-03-31
055550,3.14382E+13,3.58847E+14,2016-06-30
055550,3.15443E+13,3.67441E+14,2016-09-30
055550,3.1745E+13,3.63935E+14,2016-12-31
055550,3.19281E+13,3.73068E+14,2017-03-31
055550,3.2689E+13,3.81222E+14,2017-06-30
055550,3.36878E+13,3.96105E+14,2017-09-30
055550,3.37025E+13,3.92603E+14,2017-12-31
055550,3.31543E+13,4.00534E+14,2018-03-31
055550,3.42989E+13,4.18983E+14,2018-06-30
055550,3.60165E+13,4.2169E+14,2018-09-30
055550,3.66514E+13,4.22949E+14,2018-12-31
055550,3.85944E+13,4.75271E+14,2019-03-31
055550,4.07369E+13,4.89413E+14,2019-06-30
055550,4.16971E+13,5.04201E+14,2019-09-30
055550,4.19304E+13,5.10489E+14,2019-12-31
055550,4.1942E+13,5.36156E+14,2020-03-31
055550,4.29574E+13,5.35394E+14,2020-06-30
055550,4.59298E+13,5.45905E+14,2020-09-30
055550,4.63569E+13,5.58877E+14,2020-12-31
055550,4.67426E+13,5.71994E+14,2021-03-31
055550,4.84664E+13,5.77577E+14,2021-06-30
055550,4.94157E+13,5.89239E+14,2021-09-30
055550,4.95384E+13,5.98614E+14,2021-12-31
055550,4.95335E+13,6.17192E+14,2022-03-31
055550,4.96983E+13,6.33528E+14,2022-06-30
055550,5.08513E+13,6.45367E+14,2022-09-30
055550,5.11304E+13,6.24754E+14,2022-12-31
316140,2.22018E+13,3.22947E+14,2019-03-31
316140,2.28382E+13,3.36563E+14,2019-06-30
316140,2.42813E+13,3.46303E+14,2019-09-30
316140,2.54923E+13,3.36488E+14,2019-12-31
316140,2.5805E+13,3.52409E+14,2020-03-31
316140,2.57517E+13,3.54326E+14,2020-06-30
316140,2.62088E+13,3.5463E+14,2020-09-30
316140,2.67258E+13,3.72355E+14,2020-12-31
316140,2.71783E+13,3.88926E+14,2021-03-31
316140,2.81602E+13,3.9311E+14,2021-06-30
316140,2.83148E+13,4.0987E+14,2021-09-30
316140,2.88502E+13,4.18334E+14,2021-12-31
316140,2.93013E+13,4.36403E+14,2022-03-31
316140,2.9506E+13,4.5544E+14,2022-06-30
316140,3.11284E+13,4.70941E+14,2022-09-30
316140,3.16273E+13,4.48847E+14,2022-12-31
086790,2.29717E+13,3.03941E+14,2015-12-31
086790,2.31234E+13,3.13255E+14,2016-03-31
086790,2.35471E+13,3.03138E+14,2016-06-30
086790,2.36666E+13,3.07856E+14,2016-09-30
086790,2.339E+13,3.24787E+14,2016-12-31
086790,2.35325E+13,3.19452E+14,2017-03-31
086790,2.42797E+13,3.24765E+14,2017-06-30
086790,2.47159E+13,3.38605E+14,2017-09-30
086790,2.48279E+13,3.35261E+14,2017-12-31
086790,2.53009E+13,3.43608E+14,2018-03-31
086790,2.59831E+13,3.47248E+14,2018-06-30
086790,2.64738E+13,3.55396E+14,2018-09-30
086790,2.71085E+13,3.579E+14,2018-12-31
086790,2.73709E+13,3.66158E+14,2019-03-31
086790,2.85677E+13,3.7692E+14,2019-06-30
086790,2.90472E+13,3.91099E+14,2019-09-30
086790,2.89848E+13,3.92521E+14,2019-12-31
086790,2.90787E+13,4.10611E+14,2020-03-31
086790,3.04486E+13,4.11046E+14,2020-06-30
086790,3.14494E+13,4.12942E+14,2020-09-30
086790,3.16003E+13,4.28713E+14,2020-12-31
086790,3.20054E+13,4.43636E+14,2021-03-31
086790,3.32645E+13,4.54268E+14,2021-06-30
086790,3.43931E+13,4.68072E+14,2021-09-30
086790,3.54993E+13,4.66946E+14,2021-12-31
086790,3.55662E+13,4.94688E+14,2022-03-31
086790,3.65303E+13,5.14043E+14,2022-06-30
086790,3.70731E+13,5.61026E+14,2022-09-30
086790,3.74189E+13,5.31454E+14,2022-12-31
071050,3.17085E+12,2.83502E+13,2015-12-31
071050,3.20491E+12,3.22336E+13,2016-03-31
071050,3.26778E+12,3.30169E+13,2016-06-30
071050,3.31261E+12,3.37528E+13,2016-09-30
071050,3.4995E+12,3.38187E+13,2016-12-31
071050,3.5489E+12,3.62477E+13,2017-03-31
071050,3.83316E+12,3.72277E+13,2017-06-30
071050,4.11805E+12,4.21008E+13,2017-09-30
071050,4.13726E+12,4.46058E+13,2017-12-31
071050,4.21123E+12,4.97241E+13,2018-03-31
071050,4.76323E+12,5.21609E+13,2018-06-30
071050,4.92087E+12,5.49064E+13,2018-09-30
071050,4.89793E+12,5.91057E+13,2018-12-31
071050,5.03759E+12,6.64342E+13,2019-03-31
071050,5.31016E+12,7.18726E+13,2019-06-30
071050,4.9543E+12,5.29139E+13,2019-09-30
071050,5.03298E+12,5.57333E+13,2019-12-31
071050,4.71063E+12,6.64436E+13,2020-03-31
071050,5.12742E+12,6.47513E+13,2020-06-30
071050,5.34485E+12,6.85179E+13,2020-09-30
071050,5.63232E+12,6.48054E+13,2020-12-31
071050,5.91748E+12,6.60538E+13,2021-03-31
071050,6.25895E+12,6.80316E+13,2021-06-30
071050,7.09767E+12,7.15331E+13,2021-09-30
071050,7.42812E+12,7.46085E+13,2021-12-31
071050,7.445E+12,7.73058E+13,2022-03-31
071050,7.60231E+12,7.84327E+13,2022-06-30
071050,7.93842E+12,8.39114E+13,2022-09-30
071050,7.70574E+12,7.86028E+13,2022-12-31
