Date,Open,High,Low,Close,Volume,Change
2018-08-14,12401,12443,12363,12436,2256,
2018-08-16,12240,12347,12179,12324,1587,-0.009006111289803775
2018-08-17,12323,12368,12304,12348,2456,0.0019474196689386325
2018-08-20,12392,12443,12328,12343,1082,-0.0004049238743116801
2018-08-21,12332,12517,12319,12505,1929,0.013124848092036068
2018-08-22,12527,12572,12498,12537,2007,0.0025589764094362533
2018-08-23,12581,12591,12503,12597,1169,0.004785833931562511
2018-08-24,12550,12664,12517,12663,1082,0.005239342700642968
2018-08-27,12679,12730,12651,12723,1230,0.004738213693437521
2018-08-28,12783,12802,12699,12728,33590,0.0003929890749037046
2018-08-29,12735,12762,12707,12764,35292,0.0028284098051540862
2018-08-30,12780,12836,12739,12773,542,0.0007051081165778683
2018-08-31,12711,12867,12684,12874,586,0.007907304470367249
2018-09-03,12812,12831,12730,12760,1541,-0.008855056703433228
2018-09-04,12771,12836,12739,12829,709,0.005407523510971846
2018-09-05,12792,12802,12641,12663,572,-0.012939434094629387
2018-09-06,12634,12689,12614,12634,550,-0.0022901366184948646
2018-09-07,12545,12605,12480,12570,22272,-0.005065695741649501
2018-09-10,12568,12610,12550,12610,43332,0.0031821797931583795
2018-09-11,12591,12641,12517,12566,1325,-0.003489294210943683
2018-09-12,12581,12591,12508,12579,54557,0.001034537641254163
2018-09-13,12600,12614,12555,12593,569,0.0011129660545352582
2018-09-14,12684,12783,12684,12788,76366,0.015484793139045605
2018-09-17,12762,12767,12651,12698,43358,-0.007037847982483525
2018-09-18,12614,12743,12614,12737,886,0.003071349818869029
2018-09-19,12780,12783,12702,12760,541,0.0018057627384784336
2018-09-20,12792,12909,12780,12853,1436,0.007288401253918497
2018-09-21,12891,12913,12845,12921,661,0.005290593635727037
2018-09-27,12901,13026,12901,13032,1645,0.008590666357093157
2018-09-28,13026,13026,12906,12941,43738,-0.006982811540822587
2018-10-01,12961,12984,12845,12879,25236,-0.0047909744223785244
2018-10-02,12853,12923,12699,12703,23802,-0.013665657271527243
2018-10-04,12753,12753,12513,12547,159892,-0.012280563646382747
2018-10-05,12517,12568,12424,12505,239738,-0.0033474137243962865
2018-10-08,12448,12545,12420,12426,709,-0.00631747301079566
2018-10-10,12471,12471,12294,12338,162510,-0.007081924995976152
2018-10-11,12010,12109,11778,11787,251901,-0.044658777759766566
2018-10-12,11824,12064,11810,12003,1867,0.01832527360651559
2018-10-15,11991,11991,11866,11889,4044,-0.009497625593601566
2018-10-16,11940,11977,11861,11878,2432,-0.0009252249978972671
2018-10-17,12055,12100,11977,12030,386,0.012796767132513986
2018-10-18,11991,12019,11904,11914,415,-0.009642560266001632
2018-10-19,11810,11977,11746,11975,369,0.005120026859157356
2018-10-22,11899,12023,11866,12016,337,0.003423799582463527
2018-10-23,11926,11926,11633,11662,992,-0.029460719041278338
2018-10-24,11800,11800,11601,11638,416,-0.002057966043560233
2018-10-25,11348,11457,11274,11395,360,-0.020879876267399844
2018-10-26,11491,11491,11155,11264,662,-0.011496270293988586
2018-10-29,11274,11367,11125,11134,328,-0.011541193181818232
2018-10-30,11096,11306,11087,11241,177,0.00961020298185744
2018-10-31,11282,11282,11163,11288,431,0.004181122675918525
2018-11-01,11311,11414,11237,11255,201,-0.0029234585400425006
2018-11-02,11396,11665,11371,11676,112,0.037405597512216726
2018-11-05,11593,11593,11437,11529,156,-0.01258992805755399
2018-11-06,11615,11638,11505,11635,1049,0.00919420591551745
2018-11-07,11624,11713,11542,11577,814,-0.0049849591749032696
2018-11-08,11764,11810,11642,11653,228,0.006564740433618432
2018-11-09,11652,11689,11584,11610,124,-0.0036900369003689537
2018-11-12,11500,11619,11487,11591,105,-0.0016365202411714463
2018-11-13,11391,11514,11296,11521,552,-0.0060391683202484225
2018-11-14,11505,11524,11437,11490,21527,-0.002690738651158764
2018-11-15,11500,11605,11447,11615,105,0.01087902523933848
2018-11-16,11660,11670,11601,11635,5944,0.0017219113215669601
2018-11-19,11624,11731,11610,11686,212,0.004383326171035762
2018-11-20,11519,11593,11514,11554,699,-0.011295567345541713
2018-11-21,11401,11505,11344,11513,435,-0.00354855461312098
2018-11-22,11519,11542,11467,11495,877,-0.001563450013028711
2018-11-23,11505,11514,11367,11424,380,-0.006176598521096088
2018-11-26,11437,11579,11437,11577,235,0.013392857142857206
2018-11-27,11593,11680,11547,11676,244,0.00855143819642401
2018-11-28,11684,11718,11633,11726,321,0.004282288454950267
2018-11-29,11899,11899,11713,11750,183,0.0020467337540508446
2018-11-30,11769,11782,11610,11638,1152,-0.009531914893617044
2018-12-03,11805,11861,11726,11849,289,0.01813026293177522
2018-12-04,11810,11810,11670,11736,108,-0.009536669761161298
2018-12-05,11538,11675,11538,11657,112,-0.006731424676209907
2018-12-06,11605,11605,11422,11451,498,-0.017671785193446032
2018-12-07,11519,11551,11447,11513,17218,0.005414374290454882
2018-12-10,11357,11414,11296,11380,300,-0.011552158429601334
2018-12-11,11410,11410,11296,11328,515,-0.004569420035149374
2018-12-12,11376,11509,11376,11505,105,0.015625
2018-12-13,11533,11593,11491,11549,171,0.003824424163407114
2018-12-14,11551,11551,11311,11361,123,-0.016278465668023157
2018-12-17,11353,11406,11341,11387,282,0.002288530939177802
2018-12-18,11282,11396,11282,11337,647,-0.004390972161236517
2018-12-19,11344,11386,11341,11390,147,0.004674958101790638
2018-12-20,11292,11410,11287,11337,105,-0.004653204565408298
2018-12-21,11336,11362,11296,11371,204,0.002999029725677005
2018-12-24,11326,11353,11282,11342,300,-0.0025503473749011185
2018-12-26,11177,11247,11120,11217,157,-0.011020983953447416
2018-12-27,11447,11447,11348,11375,1027,0.014085762681643965
2018-12-28,11391,11457,11391,11439,192,0.0056263736263735264
2019-01-02,11509,11509,11232,11268,105,-0.014948859166010964
2019-01-03,11251,11265,11132,11148,341,-0.010649627263045747
2019-01-04,11140,11232,11087,11241,105,0.008342303552206776
2019-01-07,11396,11457,11357,11395,536,0.0136998487679032
2019-01-08,11386,11414,11301,11320,713,-0.006581834137779685
2019-01-09,11386,11565,11376,11559,114,0.021113074204947013
2019-01-10,11560,11588,11496,11564,161,0.00043256337053376726
2019-01-11,11597,11629,11556,11625,662,0.005274991352473224
2019-01-14,11593,11593,11496,11525,116,-0.008602150537634357
2019-01-15,11547,11721,11542,11731,167,0.017874186550976168
2019-01-16,11721,11774,11689,11782,714,0.0043474554598925685
2019-01-17,11790,11843,11764,11790,192,0.0006790018672551135
2019-01-18,11829,11871,11819,11878,105,0.007463952502120508
2019-01-21,11935,11935,11810,11878,135,0.0
2019-01-22,11886,11886,11769,11825,693,-0.004462030644889703
2019-01-23,11759,11881,11754,11868,212,0.0036363636363636598
2019-01-24,11917,11986,11866,11994,135,0.010616784630940401
2019-01-25,12040,12194,12031,12200,54,0.017175254293813502
2019-01-28,12212,12273,12147,12205,116,0.0004098360655737654
2019-01-29,12179,12245,12095,12252,5571,0.003850880786562927
2019-01-30,12265,12374,12225,12353,55,0.008243552073130989
2019-01-31,12518,12518,12379,12385,61,0.002590463854934111
2019-02-01,12430,12467,12369,12376,124,-0.0007266855066613287
2019-02-07,12476,12476,12329,12389,3045,0.0010504201680672232
2019-02-08,12295,12310,12169,12179,154547,-0.016950520623133403
2019-02-11,12240,12240,12159,12247,90,0.00558338122998614
2019-02-12,12245,12320,12235,12303,595,0.004572548379194963
2019-02-13,12379,12379,12333,12367,70,0.005201983256116316
2019-02-14,12338,12509,12295,12515,71,0.011967332416916054
2019-02-15,12425,12425,12278,12329,590,-0.01486216540151819
2019-02-18,12407,12439,12369,12408,882,0.00640765674426147
2019-02-19,12393,12411,12295,12381,675,-0.0021760154738877935
2019-02-20,12449,12541,12421,12520,8485,0.011226879896615749
2019-02-21,12486,12532,12425,12520,2989,0.0
2019-02-22,12495,12518,12444,12525,69,0.0003993610223642641
2019-02-25,12504,12577,12499,12548,68,0.0018363273453094742
2019-02-26,12597,12597,12481,12510,22172,-0.0030283710551481935
2019-02-27,12532,12532,12476,12538,65763,0.002238209432454008
2019-02-28,12532,12532,12329,12333,131,-0.016350295102887213
2019-03-04,12439,12439,12300,12312,54,-0.0017027487229384075
2019-03-05,12274,12282,12189,12235,797,-0.006254061078622475
2019-03-06,12245,12245,12151,12200,1189,-0.002860645688598229
2019-03-07,12174,12235,12095,12150,128,-0.004098360655737654
2019-03-08,12087,12095,11982,11989,87309,-0.013251028806584353
2019-03-11,12023,12035,11945,12007,699,0.0015013762615732062
2019-03-12,12105,12147,12100,12136,552,0.010743732822520169
2019-03-13,12100,12105,11986,12050,111,-0.007086354647330206
2019-03-14,12169,12169,12015,12086,54,0.002987551867219995
2019-03-15,12064,12212,12064,12196,54,0.009101439682277057
2019-03-18,12217,12225,12164,12196,332,0.0
2019-03-19,12270,12270,12156,12184,238,-0.0009839291571006603
2019-03-20,12151,12184,12040,12192,325,0.0006565988181221893
2019-03-21,12255,12351,12208,12257,717,0.0053313648293962235
2019-03-22,12320,12338,12260,12303,1055,0.0037529574936769894
2019-03-25,12109,12119,12023,12030,428,-0.022189709826871518
2019-03-26,12078,12087,12031,12040,128,0.0008312551953448821
2019-03-27,12040,12083,11955,12011,857,-0.002408637873754116
2019-03-28,11950,12010,11930,11955,667,-0.0046623928065939735
2019-03-29,11977,12040,11945,12050,104,0.007946465913843515
2019-04-01,12119,12212,12119,12205,69,0.012863070539419041
2019-04-02,12260,12278,12217,12261,55,0.004588283490372769
2019-04-03,12274,12416,12235,12423,146015,0.013212625397602151
2019-04-04,12416,12491,12397,12441,464,0.0014489253803429136
2019-04-05,12454,12476,12416,12455,743349,0.0011253114701390565
2019-04-08,12504,12504,12397,12450,63,-0.0004014452027297777
2019-04-09,12449,12499,12384,12464,70,0.0011244979919677878
2019-04-10,12407,12509,12402,12515,89938,0.004091784338896121
2019-04-11,12528,12536,12463,12510,56,-0.00039952057530967533
2019-04-12,12486,12546,12444,12552,54,0.003357314148681123
2019-04-15,12690,12690,12577,12598,81,0.0036647546207775328
2019-04-16,12597,12642,12569,12649,518,0.0040482616288299855
2019-04-17,12652,12652,12610,12620,61,-0.002292671357419507
2019-04-18,12637,12637,12411,12426,54,-0.015372424722662426
2019-04-19,12467,12491,12407,12446,76,0.0016095284081762973
2019-04-22,12458,12504,12393,12446,714,0.0
2019-04-23,12523,12523,12421,12468,758,0.0017676361883336433
2019-04-24,12523,12523,12282,12358,67,-0.008822585819698414
2019-04-25,12315,12355,12295,12312,137,-0.0037222851594108652
2019-04-26,12329,12329,12189,12230,1122,-0.0066601689408707365
2019-04-29,12350,12462,12278,12467,408,0.01937857726901071
2019-04-30,12453,12453,12297,12406,30,-0.004892917301676403
2019-05-02,12353,12466,12353,12454,981,0.0038690955989038045
2019-05-03,12433,12438,12345,12360,245,-0.007547775814999214
2019-05-07,12236,12251,12150,12252,40,-0.008737864077669855
2019-05-08,12118,12231,12108,12183,364,-0.005631733594515187
2019-05-09,12150,12164,11794,11800,836911,-0.03143724862513342
2019-05-10,11833,11926,11738,11833,623,0.00279661016949162
2019-05-13,11748,11799,11685,11696,59,-0.011577790923687936
2019-05-14,11541,11748,11541,11696,30,0.0
2019-05-15,11709,11794,11661,11746,30,0.004274965800273645
2019-05-16,11709,11709,11560,11590,30,-0.01328111697599188
2019-05-17,11657,11661,11508,11519,30,-0.006125970664365821
2019-05-20,11578,11624,11512,11532,41,0.0011285701883843036
2019-05-21,11522,11666,11522,11581,700,0.004249046132500878
2019-05-22,11578,11619,11485,11595,171,0.0012088766082376523
2019-05-23,11592,11592,11494,11567,69,-0.002414833980163844
2019-05-24,11512,11512,11429,11476,37,-0.007867208437797202
2019-05-27,11473,11517,11434,11471,65,-0.00043569187870340365
2019-05-28,11464,11537,11444,11501,30,0.0026152907331531416
2019-05-29,11459,11464,11296,11351,162,-0.013042344143987528
2019-05-30,11344,11454,11344,11452,31,0.008897894458637978
2019-05-31,11429,11494,11363,11461,53,0.0007858889276981529
2019-06-03,11429,11629,11419,11638,41,0.015443678562080176
2019-06-04,11605,11624,11569,11614,458,-0.0020622100017184675
2019-06-05,11719,11719,11605,11634,41,0.0017220595832616592
2019-06-07,11583,11685,11583,11648,43,0.001203369434416457
2019-06-10,11728,11794,11657,11800,41,0.013049450549450503
2019-06-11,11794,11856,11767,11852,30,0.004406779661016991
2019-06-12,11856,11871,11809,11828,30,-0.002024974687816372
2019-06-13,11794,11809,11657,11769,59,-0.0049881636794048
2019-06-14,11748,11767,11685,11737,43,-0.0027190075622397503
2019-06-17,11714,11762,11690,11714,43,-0.0019596148930731694
2019-06-18,11709,11772,11709,11755,30,0.00350008536793589
2019-06-19,11908,11918,11833,11913,155,0.01344108889834117
2019-06-20,11913,11946,11881,11951,64,0.0031897926634769647
2019-06-21,11974,11974,11886,11918,607,-0.0027612752070956814
2019-06-24,11941,11946,11899,11908,176,-0.0008390669575432108
2019-06-25,11913,11965,11833,11893,152,-0.001259657373194445
2019-06-26,11899,11926,11861,11908,130,0.0012612461111578543
2019-06-27,11936,12043,11890,12003,71,0.00797783003023178
2019-06-28,12017,12021,11951,11980,132,-0.0019161876197617556
2019-07-01,12076,12076,11969,11980,42,0.0
2019-07-02,11922,11988,11913,11927,30,-0.00442404006677799
2019-07-03,11899,11941,11767,11784,30,-0.011989603420809902
2019-07-04,11838,11851,11719,11856,12628,0.006109979633401208
2019-07-05,11828,11871,11738,11847,447684,-0.0007591093117408354
2019-07-08,11685,11719,11555,11572,173,-0.0232126276694522
2019-07-09,11642,11657,11537,11542,203,-0.0025924645696508986
2019-07-10,11619,11647,11555,11599,8602,0.0049384855311038756
2019-07-11,11624,11728,11624,11722,154,0.010604362445038262
2019-07-12,11719,11776,11700,11751,104,0.0024739805493942946
2019-07-15,11738,11772,11685,11755,116,0.0003403965619948046
2019-07-16,11704,11781,11700,11764,104,0.0007656316461079893
2019-07-17,11624,11666,11624,11676,279,-0.007480448826929664
2019-07-18,11642,11666,11592,11619,119,-0.00488180883864342
2019-07-19,11748,11843,11733,11837,148,0.01876237197693431
2019-07-22,11772,11847,11757,11837,684,0.0
2019-07-23,11855,11912,11850,11883,163,0.0038861197938666603
2019-07-24,11814,11866,11719,11769,264,-0.009593536985609719
2019-07-25,11804,11809,11671,11737,179,-0.0027190075622397503
2019-07-26,11666,11666,11597,11671,115,-0.005623242736644829
2019-07-29,11652,11666,11485,11515,104,-0.01336646388484275
2019-07-30,11489,11547,11489,11515,104,0.0
2019-07-31,11538,11556,11382,11491,231,-0.00208423795049939
2019-08-01,11382,11459,11372,11414,159713,-0.0067008963536681065
2019-08-02,11269,11336,11240,11304,125,-0.009637287541615525
2019-08-05,11206,11206,10991,11005,212613,-0.026450813871196077
2019-08-06,10676,10948,10664,10838,168,-0.015174920490686028
2019-08-07,10877,10897,10741,10795,104,-0.003967521682967323
2019-08-08,10835,10892,10774,10834,104,0.003612783696155697
2019-08-09,10897,10934,10877,10925,158,0.008399483108731731
2019-08-12,10963,10983,10907,10950,114,0.0022883295194509046
2019-08-13,10765,10859,10765,10829,115,-0.011050228310502286
2019-08-14,10968,11001,10916,10930,104,0.009326807646135471
2019-08-16,10722,10844,10722,10819,331,-0.010155535224153689
2019-08-19,10934,10953,10902,10940,212,0.011184028098715215
2019-08-20,10907,11045,10887,11038,104,0.008957952468007235
2019-08-21,11050,11133,11030,11095,723,0.005163978981699513
2019-08-22,11054,11063,10973,11010,180,-0.0076611086074808155
2019-08-23,10948,11020,10948,11015,133,0.0004541326067211138
2019-08-26,10760,10806,10741,10809,142,-0.0187017703132093
2019-08-27,10821,10887,10793,10805,153,-0.00037006198538258595
2019-08-28,10892,10973,10872,10972,104,0.015455807496529417
2019-08-29,10930,10938,10854,10895,104,-0.007017863652934775
2019-08-30,11035,11133,11035,11114,104,0.020100963744837053
2019-09-02,11081,11151,11072,11134,154,0.0017995321216484061
2019-09-03,11068,11115,11025,11047,104,-0.007813903359080276
2019-09-04,11040,11170,11040,11176,104,0.011677378473793798
2019-09-05,11273,11419,11273,11351,116,0.015658554044380768
2019-09-06,11387,11387,11331,11365,104,0.0012333715091181752
2019-09-09,11419,11498,11419,11466,104,0.008886933567971766
2019-09-10,11489,11523,11464,11519,106232,0.0046223617652190185
2019-09-11,11542,11579,11528,11581,104,0.005382411667679499
2019-09-16,11593,11667,11528,11676,106327,0.008203091270183815
2019-09-17,11648,11686,11625,11667,108,-0.0007708119218911014
2019-09-18,11672,11744,11639,11728,204,0.0052284220450844465
2019-09-19,11677,11790,11677,11738,658,0.0008526603001364208
2019-09-20,11790,11847,11768,11848,188,0.009371272789231666
2019-09-23,11781,11852,11773,11857,714,0.0007596218771099839
2019-09-24,11768,11887,11753,11889,114,0.0026988276967192526
2019-09-25,11829,11839,11715,11733,181,-0.013121372697451394
2019-09-26,11781,11810,11686,11733,124,0.0
2019-09-27,11658,11658,11556,11609,104,-0.010568482059149398
2019-09-30,11601,11720,11598,11723,159379,0.009819967266775809
2019-10-01,11662,11773,11653,11780,115,0.004862236628849326
2019-10-02,11601,11615,11533,11537,200,-0.02062818336162986
2019-10-04,11485,11485,11485,11491,0,-0.003987171708416448
2019-10-07,11528,11542,11444,11532,114,0.003568009746758305
2019-10-08,11542,11653,11513,11657,104,0.010839403399236947
2019-10-10,11579,11648,11485,11624,114,-0.0028309170455520505
2019-10-11,11710,11729,11662,11715,104,0.007828630419820959
2019-10-14,11781,11824,11768,11815,118,0.008536064874093086
2019-10-15,11800,11843,11795,11811,171,-0.000338552687261906
2019-10-16,11857,11910,11824,11853,253885,0.0035560071120142034
2019-10-17,11847,11867,11785,11797,106282,-0.004724542309963775
2019-10-18,11882,11910,11724,11742,318744,-0.00466220225481051
2019-10-21,11785,11810,11753,11815,589,0.00621699880769877
2019-10-22,11843,11976,11834,11981,164,0.014049936521371098
2019-10-23,11966,11976,11910,11956,134,-0.002086637175527928
2019-10-24,11976,11976,11815,11933,308,-0.0019237203077951959
2019-10-25,11953,11957,11867,11961,130,0.002346434257940233
2019-10-28,12009,12045,11962,11981,169,0.0016721009949001164
2019-10-29,12050,12050,11953,11991,104,0.0008346548702111711
2019-10-30,11877,11915,11852,11862,104,-0.010758068551413591
2019-10-31,11938,12015,11891,11904,104,0.0035407182599898057
2019-11-01,11928,12031,11919,12033,179,0.01083669354838701
2019-11-04,12172,12172,12172,12180,0,0.01221640488656206
2019-11-05,12162,12292,12162,12299,800,0.009770114942528663
2019-11-06,12264,12311,12249,12269,27,-0.002439222701032584
2019-11-07,12254,12254,12225,12233,2,-0.00293422446817182
2019-11-08,12325,12330,12210,12233,105,0.0
2019-11-11,12229,12229,12084,12161,137,-0.005885718956919805
2019-11-12,12121,12215,12102,12198,111,0.003042512951237475
2019-11-13,12148,12148,12074,12104,113,-0.0077061813412034885
2019-11-14,12162,12197,12134,12194,104,0.0074355584930601015
2019-11-15,12249,12395,12220,12386,105,0.015745448581269583
2019-11-18,12344,12352,12296,12333,106,-0.004279024705312495
2019-11-19,12321,12334,12244,12311,104,-0.001783831995459284
2019-11-20,12206,12249,12121,12132,104,-0.01453984241735029
2019-11-21,12106,12106,11891,11919,569,-0.017556874381800203
2019-11-22,12000,12041,11957,12019,257,0.008389965601141025
2019-11-25,12125,12192,12097,12156,279,0.011398618853482034
2019-11-26,12148,12244,12130,12137,360389,-0.0015630141493911953
2019-11-27,12210,12210,12079,12175,490,0.0031309219741286753
2019-11-28,12065,12144,12065,12095,418612,-0.006570841889117052
2019-11-29,12116,12116,11896,11909,108,-0.01537825547747007
2019-12-02,11933,11976,11891,11938,218,0.002435133092619113
2019-12-03,11815,11891,11785,11877,169202,-0.005109733623722579
2019-12-04,11753,11773,11686,11746,106,-0.011029721310095164
2019-12-05,11852,11882,11710,11746,114,0.0
2019-12-06,11781,11882,11781,11884,108,0.011748680401838962
2019-12-09,11938,11938,11872,11914,105,0.0025244025580613005
2019-12-10,11891,12000,11891,11995,270,0.006798724190028471
2019-12-11,11995,12041,11943,12048,106416,0.004418507711546393
2019-12-12,12092,12210,12092,12198,106,0.012450199203187351
2019-12-13,12381,12438,12366,12442,546,0.020003279226102677
2019-12-16,12424,12466,12424,12427,105,-0.0012055939559556528
2019-12-17,12462,12583,12429,12570,106177,0.011507202060030641
2019-12-18,12583,12588,12547,12561,105,-0.0007159904534606021
2019-12-19,12617,12659,12557,12603,180,0.0033436828278003983
2019-12-20,12617,12639,12570,12646,104,0.003411886058874769
2019-12-23,12644,12669,12578,12666,110842,0.0015815277558122176
2019-12-24,12644,12644,12523,12542,101826,-0.00978998894678662
2019-12-26,12532,12617,12532,12621,237409,0.006298835911337841
2019-12-27,12702,12891,12702,12807,833,0.014737342524364205
2019-12-30,12844,12872,12778,12825,137,0.0014054813773718422
2020-01-02,12791,12791,12659,12697,432,-0.00998050682261209
2020-01-03,12839,12844,12622,12671,156,-0.0020477278097188467
2020-01-06,12514,12566,12499,12533,113,-0.010891010969931392
2020-01-07,12639,12721,12632,12702,104,0.013484401180882566
2020-01-08,12588,12664,12528,12599,105,-0.008108959219020662
2020-01-09,12769,12769,12694,12764,187,0.013096277482339769
2020-01-10,12811,12914,12786,12919,136,0.01214352867439672
2020-01-13,12952,13075,12924,13076,463,0.012152643393451568
2020-01-14,13126,13193,13070,13090,253,0.0010706638115631772
2020-01-15,13028,13075,12995,13010,104,-0.006111535523300238
2020-01-16,13070,13193,13003,13198,118,0.014450422751729475
2020-01-17,13246,13273,13145,13178,104,-0.0015153811183512556
2020-01-20,13292,13377,13268,13307,386,0.009789042343299359
2020-01-21,13236,13264,13109,13146,27368,-0.012098895318253589
2020-01-22,13126,13325,13117,13326,179,0.013692377909630293
2020-01-23,13221,13246,13145,13160,104,-0.01245685126819751
2020-01-28,12830,12830,12644,12749,115,-0.03123100303951365
2020-01-29,12773,12825,12699,12783,105,0.002666875833398752
2020-01-30,12773,12802,12523,12570,106,-0.016662755221778958
2020-01-31,12612,12649,12386,12398,644,-0.013683373110580765
2020-02-03,12201,12471,12201,12431,202,0.0026617196321987446
2020-02-04,12400,12639,12400,12631,104,0.01608881023248321
2020-02-05,12797,12817,12664,12727,187,0.007600348349299235
2020-02-06,12792,13048,12792,13043,199,0.024829103480788817
2020-02-07,13024,13029,12863,12981,406621,-0.004753507628613041
2020-02-10,12773,12907,12755,12910,158704,-0.005469532393498233
2020-02-11,12943,13081,12939,13011,192,0.007823392718822708
2020-02-12,13067,13156,12992,13146,194,0.010375835831219815
2020-02-13,13218,13218,13095,13124,111,-0.0016735128556214507
2020-02-14,13081,13209,13019,13165,104,0.003124047546479769
2020-02-17,13137,13199,13110,13170,114187,0.00037979491074824345
2020-02-18,13081,13118,12924,12981,179818,-0.014350797266514781
2020-02-19,13024,13024,12845,12967,104,-0.0010784993451968816
2020-02-20,13081,13105,12863,12929,104,-0.0029305159250404555
2020-02-21,12726,12854,12721,12740,2229,-0.01461829994585817
2020-02-24,12362,12386,12228,12249,528,-0.03854003139717421
2020-02-25,12253,12405,12209,12408,253,0.012980651481753647
2020-02-26,12101,12277,12101,12212,116,-0.01579626047711158
2020-02-27,12181,12248,12045,12117,239,-0.007779233540779584
2020-02-28,11927,11952,11694,11725,113,-0.03235124205661466
2020-03-02,11761,11875,11600,11837,113,0.009552238805970115
2020-03-03,12134,12134,11865,11887,104,0.004224043254202892
2020-03-04,11846,12176,11846,12170,195,0.023807520821065076
2020-03-05,12268,12310,12129,12273,459,0.008463434675431314
2020-03-06,12091,12125,11961,12012,1026,-0.021266194084575862
2020-03-09,11660,11727,11486,11528,126,-0.04029304029304026
2020-03-10,11490,11596,11440,11600,113,0.006245662734212454
2020-03-11,11596,11609,11393,11396,160,-0.01758620689655177
2020-03-12,11091,11138,10662,10816,105,-0.050895050895050864
2020-03-13,10083,10632,10036,10530,2676,-0.02644230769230771
2020-03-16,10697,10697,10195,10201,104,-0.031244064577397923
2020-03-17,9761,10238,9761,9979,104,-0.02176257229683365
2020-03-18,9907,10041,9481,9487,1163,-0.04930353742860005
2020-03-19,9634,9634,8593,8662,2801,-0.08696110466954776
2020-03-20,8979,9397,8727,9402,576044,0.08543061648580008
2020-03-23,8697,9047,8679,8885,555,-0.054988300361625164
2020-03-24,9241,9681,9081,9684,127,0.08992684299380982
2020-03-25,10021,10093,9812,10083,158,0.041201982651796865
2020-03-26,10279,10376,9987,9992,3856,-0.009025091738569913
2020-03-27,10432,10432,9883,10191,108,0.01991593274619685
2020-03-30,10046,10356,9969,10283,106,0.00902757334903348
2020-03-31,10284,10484,10213,10407,111,0.012058737722454582
2020-04-01,10451,10532,10046,10048,115,-0.0344960122994139
2020-04-02,9992,10199,9853,10201,104,0.015226910828025408
2020-04-03,10351,10398,10184,10288,106,0.008528575629840107
2020-04-06,10260,10614,10260,10606,105,0.030909797822705976
2020-04-07,10886,10933,10666,10849,193,0.022911559494625644
2020-04-08,10739,10848,10652,10655,108,-0.017881832426951738
2020-04-09,10933,10933,10777,10883,106,0.02139840450492736
2020-04-10,10792,10977,10715,10980,119,0.00891298355232939
2020-04-13,10957,10957,10772,10778,124,-0.01839708561020037
2020-04-14,10797,10962,10739,10893,106,0.0106698830951939
2020-04-16,10891,10990,10801,10966,104,0.006701551455062793
2020-04-17,11091,11332,11091,11237,106,0.024712748495349324
2020-04-20,11332,11350,11155,11189,105,-0.0042716027409450685
2020-04-21,10982,11076,10797,11061,334,-0.011439806953257636
2020-04-22,10982,11019,10982,11022,47,-0.003525901817195587
2020-04-23,11260,11307,11165,11250,116,0.020685900925421885
2020-04-24,11106,11184,10977,11104,106,-0.012977777777777755
2020-04-27,11141,11332,11133,11299,117,0.0175612391930835
2020-04-28,11250,11395,11154,11361,116,0.0054872112576334064
2020-04-29,11371,11480,11351,11427,103,0.005809347768682249
2020-05-04,11078,11149,11010,11125,139,-0.026428633937166324
2020-05-06,11250,11308,11158,11312,105,0.01680898876404502
2020-05-07,11188,11308,11163,11312,103,0.0
2020-05-08,11375,11472,11346,11412,127,0.008840169731258785
2020-05-11,11375,11472,11270,11366,118,-0.004030844724851046
2020-05-12,11366,11371,11178,11289,113,-0.00677459088509591
2020-05-13,11059,11390,11059,11393,128,0.009212507750907983
2020-05-14,11265,11318,11226,11299,111,-0.00825068024225406
2020-05-15,11278,11308,11173,11294,114,-0.0004425170369058984
2020-05-18,11346,11395,11260,11356,110,0.0054896405170887785
2020-05-19,11504,11576,11485,11582,233,0.019901373723141935
2020-05-20,11548,11581,11548,11586,2,0.00034536349507852115
2020-05-21,11774,11774,11677,11732,302,0.012601415501467317
2020-05-22,11647,11672,11443,11547,220,-0.015768837367882704
2020-05-25,11601,11682,11529,11688,114,0.012210963886723825
2020-05-26,11647,11860,11647,11831,113,0.012234770704996567
2020-05-27,11846,11957,11817,11892,110,0.00515594624292115
2020-05-28,11967,11987,11735,11840,119,-0.004372687521022489
2020-05-29,11846,11953,11764,11936,121,0.008108108108108025
2020-06-01,11909,12142,11909,12149,137,0.017845174262734576
2020-06-02,12142,12278,12142,12279,112,0.010700469174417693
2020-06-03,12350,12725,12350,12613,1668,0.02720091212639475
2020-06-04,12851,12941,12634,12638,15597,0.001982081978910699
2020-06-05,12605,12841,12571,12816,7432,0.014084507042253502
2020-06-08,13081,13086,12837,12877,23516,0.004759675405742847
2020-06-09,12908,12975,12715,12845,1883,-0.002485050865884908
2020-06-10,12879,12966,12859,12945,2678,0.007785130400934204
2020-06-11,12817,12904,12590,12758,113,-0.01444573194283505
2020-06-12,12293,12553,12264,12532,12915,-0.01771437529393327
2020-06-15,12331,12428,11899,11902,20934,-0.05027130545802749
2020-06-16,12220,12558,12176,12561,229,0.05536884557217281
2020-06-17,12432,12590,12297,12523,2588,-0.0030252368442003075
2020-06-18,12538,12590,12466,12536,102,0.0010380899145572275
2020-06-19,12575,12575,12346,12536,102,0.0
2020-06-22,12499,12619,12442,12536,1496,0.0
2020-06-23,12595,12672,12394,12528,103,-0.0006381620931716903
2020-06-24,12629,12827,12629,12758,7836,0.01835887611749687
2020-06-25,12514,12585,12414,12459,357,-0.023436275278256757
2020-06-26,12634,12652,12504,12603,152,0.01155790994461836
2020-06-29,12457,12495,12297,12330,489,-0.021661509164484616
2020-06-30,12605,12634,12476,12478,102,0.012003244120032397
2020-07-01,12538,12553,12379,12455,111,-0.001843244109632991
2020-07-02,12481,12634,12481,12638,266,0.014692894419911617
2020-07-03,12634,12697,12563,12676,227,0.0030068048741889175
2020-07-06,12769,12936,12749,12926,103,0.019722309876932798
2020-07-07,13008,13008,12720,12730,52151,-0.015163236886894582
2020-07-08,12778,12841,12702,12753,501,0.001806755695208162
2020-07-09,12754,12841,12754,12758,102,0.00039206461224816636
2020-07-10,12827,12832,12662,12740,730,-0.001410879448189406
2020-07-13,12817,12941,12744,12945,119,0.01609105180533743
2020-07-14,12904,12926,12817,12931,1735,-0.0010814986481266775
2020-07-15,12995,13110,12922,12989,32264,0.0044853452942541505
2020-07-16,13047,13052,12864,12906,37607,-0.006390022326584033
2020-07-17,12879,12980,12879,12979,118,0.005656283898961778
2020-07-20,13071,13071,12917,12999,427,0.0015409507666230837
2020-07-21,13100,13177,13062,13180,144710,0.013924148011385418
2020-07-22,13191,13225,13123,13151,758,-0.002200303490136557
2020-07-23,13118,13118,12971,13057,105,-0.007147745418599305
2020-07-24,13018,13118,12980,13004,242,-0.004059125373362948
2020-07-27,12941,13142,12941,13124,525,0.009227929867732909
2020-07-28,13297,13430,13230,13411,204371,0.02186833282535816
2020-07-29,13435,13493,13326,13396,15320,-0.0011184848258891655
2020-07-30,13527,13562,13422,13474,111,0.005822633621976658
2020-07-31,13455,13455,13307,13321,102,-0.01135520261243872
2020-08-03,13392,13407,13307,13392,331,0.005329930185421494
2020-08-04,13427,13532,13427,13503,102,0.008288530465949906
2020-08-05,13599,13720,13557,13724,82212,0.016366733318521787
2020-08-06,13634,13951,13634,13879,866,0.01129408335762161
2020-08-07,13931,14014,13841,13989,27924,0.007925643057857146
2020-08-10,13941,14158,13909,14163,6130,0.012438344413467695
2020-08-11,14225,14336,14148,14316,6963,0.01080279601779277
2020-08-12,14302,14365,14080,14369,9515,0.0037021514389494747
2020-08-13,14408,14467,14216,14359,10447,-0.0006959426543252656
2020-08-14,14356,14356,14100,14211,9871,-0.010307124451563454
2020-08-18,14139,14235,13784,13917,1181,-0.02068819928224619
2020-08-19,14033,14071,13904,13969,3845,0.0037364374505999276
2020-08-20,13797,13869,13374,13401,7346,-0.04066146467177323
2020-08-21,13609,13792,13479,13643,6764,0.01805835385419008
2020-08-24,13547,13806,13503,13812,3711,0.01238730484497541
2020-08-25,13946,14023,13811,14019,1241,0.014986967854039968
2020-08-26,13976,14000,13788,13979,2286,-0.0028532705613809606
2020-08-27,13966,13986,13889,13912,8281,-0.004792903641176016
2020-08-28,13927,13961,13864,13946,4141,0.002443933294997036
2020-08-31,14043,14048,13769,13772,10495,-0.012476695826760364
2020-09-01,13816,13859,13749,13822,1157,0.003630554748765613
2020-09-02,13927,13966,13864,13932,318,0.007958327304297574
2020-09-03,14115,14197,14071,14191,2705,0.01859029572207871
2020-09-04,13724,13966,13724,13946,25634,-0.01726446339229093
2020-09-07,13971,14095,13971,14091,4140,0.01039724652230034
2020-09-08,14095,14240,14095,14177,52416,0.00610318643105523
2020-09-09,14048,14148,13976,14056,7203,-0.008534950976934463
2020-09-10,14129,14220,14080,14144,11104,0.00626067159931698
2020-09-11,14249,14249,14023,14191,3312,0.00332296380090491
2020-09-14,14244,14322,14202,14325,808,0.009442604467620352
2020-09-15,14510,14510,14302,14479,8876,0.01075043630017447
2020-09-16,14423,14476,14365,14402,13317,-0.005318046826438327
2020-09-17,14510,14510,14207,14263,7565,-0.009651437300374988
2020-09-18,14202,14317,14148,14263,20397,0.0
2020-09-21,14292,14399,14125,14167,233,-0.006730701815887308
2020-09-22,13971,14090,13711,13807,3065,-0.025411166796075357
2020-09-23,13951,13951,13562,13859,3509,0.003766205547910406
2020-09-24,13547,13676,13417,13460,2328,-0.028789955985280336
2020-09-25,13589,13624,13446,13547,1964,0.006463595839524494
2020-09-28,13604,13784,13562,13719,7286,0.012696537978888367
2020-09-29,13981,13981,13821,13864,7264,0.010569283475472036
2020-10-05,13859,14066,13859,14046,876,0.013127524523946832
2020-10-06,14220,14220,14038,14081,9451,0.0024918126156912024
2020-10-07,14028,14144,13927,14149,115,0.004829202471415384
2020-10-08,14225,14278,14178,14220,9322,0.0050180224750866476
2020-10-12,14144,14259,14144,14235,2311,0.001054852320675037
2020-10-13,14452,14452,14183,14288,174,0.0037232174218475578
2020-10-14,14115,14153,14066,14159,72,-0.009028555431131013
2020-10-15,13976,14038,13894,13961,184,-0.013984038420792433
2020-10-16,14080,14080,13811,13912,192,-0.00350977723658763
2020-10-19,13797,13981,13797,13869,118,-0.0030908568142610227
2020-10-20,13945,14061,13743,14023,1250,0.011103900785925491
2020-10-21,13919,14071,13919,14076,252,0.0037795050987663448
2020-10-22,13991,13995,13879,13965,156,-0.00788576300085253
2020-10-23,13927,13991,13856,13946,102,-0.0013605442176870541
2020-10-26,14134,14134,13909,13917,126,-0.0020794493044600237
2020-10-27,13686,13889,13686,13792,105,-0.008981820794711548
2020-10-28,13879,13924,13749,13927,102,0.009788283062645009
2020-10-29,13576,13779,13576,13762,102,-0.011847490486106116
2020-10-30,13889,13889,13435,13439,297,-0.023470425810201978
2020-11-02,13435,13571,13368,13565,106,0.009375697596547328
2020-11-03,13634,13914,13634,13902,194,0.024843346848507197
2020-11-04,13889,13992,13806,13932,106,0.002157962883038378
2020-11-05,14203,14328,14116,14331,119,0.028639104220499645
2020-11-06,14274,14381,14212,14274,2377,-0.0039773916684111565
2020-11-09,14401,14584,14401,14499,7331,0.015762925598991062
2020-11-10,14454,14454,14323,14433,62632,-0.004552038071591102
2020-11-11,14512,14685,14464,14684,19255,0.01739070186378444
2020-11-12,14633,14647,14522,14538,114,-0.009942794878779582
2020-11-13,14623,14757,14546,14761,3621,0.015339111294538466
2020-11-16,14795,15042,14795,15026,11936,0.017952713230810824
2020-11-17,15244,15244,15013,15044,102,0.0011979235990948744
2020-11-18,14995,15090,14960,15011,4697,-0.002193565541079523
2020-11-19,14917,14990,14917,14991,336,-0.001332356272067181
2020-11-20,15125,15125,15125,15126,31,0.009005403241945098
2020-11-23,15206,15451,15139,15446,4536,0.021155626074309097
2020-11-24,15427,15538,15388,15456,105,0.0006474168069403596
2020-11-25,15519,15653,15330,15426,1103,-0.0019409937888198447
2020-11-26,15350,15543,15335,15547,3939,0.007843899909244056
2020-11-27,15717,15717,15562,15648,861,0.006496430179455892
2020-11-30,15585,15683,15364,15368,737,-0.017893660531697386
2020-12-01,15543,15678,15514,15658,552,0.018870380010411303
2020-12-02,15814,15939,15814,15942,4036,0.018137693191978554
2020-12-03,15929,16058,15900,16040,202,0.006147283904152534
2020-12-04,16068,16427,16068,16360,900,0.01995012468827939
2020-12-07,16417,16460,16233,16463,1028,0.006295843520782496
2020-12-08,16541,16541,16165,16169,560,-0.017858227540545446
2020-12-09,16126,16489,16126,16448,6568,0.017255241511534347
2020-12-10,16388,16574,16292,16448,5685,0.0
2020-12-11,16455,16574,16455,16496,669,0.0029182879377431803
2020-12-14,16536,16671,16521,16564,126,0.0041222114451988645
2020-12-15,16465,16526,16325,16458,6096,-0.0063994204298478685
2020-12-16,16526,16579,16526,16550,14,0.005589986632640764
2020-12-17,16526,16526,16526,16531,1,-0.0011480362537764632
2020-12-18,16556,16608,16507,16526,687,-0.0003024620410138068
2020-12-21,16701,16701,16417,16613,221,0.005264431804429481
2020-12-22,16608,16608,16325,16340,42,-0.016432913983025377
2020-12-23,16247,16503,16184,16468,106,0.007833537331701335
2020-12-24,16686,16895,16638,16863,6547,0.023985912071897042
2020-12-28,16822,16999,16793,16838,1384,-0.0014825357291110564
2020-12-29,17095,17240,17048,17243,3424,0.02405273785485207
2020-12-30,17052,17533,17052,17539,6301,0.017166386359682262
2021-01-04,17538,18002,17528,17988,4149,0.025600091225269406
2021-01-05,17641,18220,17641,18222,365,0.013008672448298952
2021-01-06,18341,18341,18094,18122,617,-0.00548787180331467
2021-01-07,18181,18562,18181,18420,6494,0.016444101092594643
2021-01-08,18649,19207,18649,19154,2798,0.039847991313789466
2021-01-11,19541,19970,18900,19284,2824,0.00678709407956557
2021-01-12,18961,19187,18619,19053,920,-0.011978842563783454
2021-01-13,19163,19348,19021,19246,6398,0.010129638377158523
2021-01-14,19172,19217,19059,19101,292,-0.0075340330458276705
2021-01-15,19154,19439,18794,18797,167,-0.015915397099628303
2021-01-18,18370,18654,18282,18285,108,-0.027238389104644378
2021-01-19,18292,18882,18287,18797,112,0.028001093792726195
2021-01-20,19034,19034,18687,18858,142,0.0032451987019204154
2021-01-21,18944,19182,18944,19188,457,0.01749920458161003
2021-01-22,19163,19270,18991,18993,140,-0.010162601626016232
2021-01-25,19084,19551,19084,19544,3828,0.02901068814826524
2021-01-26,19541,19541,18956,19058,140,-0.024866966844044214
2021-01-27,19212,19309,18939,18955,1036,-0.005404554517787763
2021-01-28,18577,18736,18461,18551,135,-0.02131363756264837
2021-01-29,18769,18774,18065,18127,147,-0.02285591073257509
2021-02-01,18166,18567,17978,18570,185,0.024438682628123765
2021-02-02,18696,18784,18649,18787,125,0.01168551427032849
2021-02-03,19108,19108,18882,19028,193,0.012828019375099808
2021-02-04,19055,19055,19055,19058,1,0.0015766239226402412
2021-02-05,18905,18953,18726,18935,146,-0.006453982579494144
2021-02-08,18953,18953,18664,18686,103,-0.013150250858199097
2021-02-09,18769,18977,18634,18701,162,0.0008027400192658352
2021-02-10,18614,18817,18519,18705,5601,0.00021389230522439462
2021-02-15,19155,19155,18944,19028,5323,0.017268110130981063
2021-02-16,19131,19164,19131,19168,7,0.007357578305654755
2021-02-17,19246,19246,18847,18945,148,-0.011633973288814659
2021-02-18,18934,18934,18596,18643,146,-0.015940881499076243
2021-02-19,18731,18794,18423,18783,5404,0.007509520999839037
2021-02-22,18822,18919,18600,18604,725,-0.009529894053133203
2021-02-23,18479,18678,18331,18521,162,-0.004461406149215197
2021-02-24,18494,18629,18060,18063,341,-0.024728686356028318
2021-02-25,18586,18774,18409,18778,223,0.03958367934451634
2021-02-26,18166,18326,18045,18193,115,-0.03115347747363939
2021-03-02,18794,18794,18336,18492,172,0.01643489254108732
2021-03-03,18292,18644,18292,18648,644,0.00843608046722899
2021-03-04,18619,18619,18341,18459,114,-0.010135135135135087
2021-03-05,18026,18360,18026,18338,127,-0.006555067988515129
2021-03-08,18610,18610,18152,18179,102,-0.00867052023121384
2021-03-09,17993,18079,17953,18083,26,-0.005280818526871678
2021-03-10,18230,18230,17978,17982,9,-0.0055853564120997845
2021-03-11,18045,18253,18045,18256,4,0.015237459681904042
2021-03-12,18624,18624,18370,18440,116,0.010078878177037787
2021-03-15,18484,18519,18442,18445,4,0.00027114967462038564
2021-03-16,18509,18509,18509,18512,1,0.0036324207102196304
2021-03-17,18509,18509,18375,18488,70,-0.0012964563526360884
2021-03-18,18499,18673,18499,18648,532,0.008654262224145448
2021-03-19,18316,18316,18316,18318,5,-0.017696267696267642
2021-03-22,18538,18538,18321,18425,159,0.00584124904465555
2021-03-23,18384,18600,18166,18170,110,-0.013839891451831732
2021-03-24,18157,18157,18040,18044,18,-0.006934507429829373
2021-03-25,18215,18287,18128,18242,142,0.01097317667922848
2021-03-26,18287,18375,18287,18377,14,0.007400504330665525
2021-03-29,18365,18428,18239,18323,114,-0.002938455678293539
2021-03-30,18476,18610,18476,18604,73,0.01533591660754241
2021-03-31,18538,18634,18528,18531,104,-0.003923887336056753
2021-04-01,18562,18687,18519,18691,290,0.00863418056230092
2021-04-02,18741,18857,18741,18858,290,0.008934781445615547
2021-04-05,18962,18962,18852,18930,20,0.0038180082723513475
2021-04-06,18924,18924,18885,18888,10,-0.0022187004754358197
2021-04-07,18924,18982,18924,18930,275,0.0022236340533672294
2021-04-08,18929,18944,18929,18945,2,0.0007923930269413404
2021-04-09,18957,18987,18877,18921,389,-0.0012668250197941378
2021-04-12,18929,18929,18929,18930,6,0.0004756619628982772
2021-04-13,18977,19150,18977,19154,5277,0.011833069202324298
2021-04-14,19117,19169,19117,19173,50,0.0009919599039365234
2021-04-15,19232,19334,19218,19226,1316,0.002764303969123194
2021-04-16,19256,19256,19251,19256,9,0.0015603869759699407
2021-04-19,19256,19359,19256,19304,34,0.002492729538845051
2021-04-20,19383,19383,19383,19386,5,0.00424782428512227
2021-04-21,19246,19246,18987,19058,60,-0.016919426390178516
2021-04-22,19065,19173,19065,19086,139,0.0014691992863888892
2021-04-23,19085,19085,19085,19086,0,0.0
2021-04-26,19085,19085,19085,19086,16,0.0
2021-04-27,19159,19159,19127,19130,557,0.0023053547102587224
2021-04-28,19022,19022,19022,19023,0,-0.00559330893883947
2021-04-29,19100,19100,18855,18857,23,-0.008726278715239455
2021-04-30,19056,19056,18741,18789,156,-0.003606087924908574
2021-05-03,18576,18870,18576,18652,152,-0.007291500345947055
2021-05-04,18659,18722,18590,18725,21,0.003913789405961765
2021-05-06,18727,18727,18727,18730,11,0.0002670226969292422
2021-05-07,18894,18948,18894,18949,8,0.011692471970101481
2021-05-10,19110,19315,19110,19318,17,0.019473323130508202
2021-05-11,18948,18948,18948,18949,4,-0.019101356248058754
2021-05-12,18693,18693,18693,18696,0,-0.01335162805425083
2021-05-13,18420,18453,18395,18397,28,-0.015992725716730827
2021-05-14,18453,18482,18453,18485,4,0.00478338859596672
2021-05-17,18561,18561,18561,18563,6,0.004219637543954491
2021-05-18,18669,18669,18669,18672,5,0.00587189570651292
2021-05-20,18781,18781,18683,18705,13,0.0017673521850900542
2021-05-21,18702,18766,18624,18740,169,0.0018711574445335888
2021-05-24,18624,18624,18624,18628,43,-0.0059765208110992285
2021-05-25,18786,18786,18786,18789,11,0.008642903156538484
2021-05-26,18756,18756,18756,18760,1,-0.001543456277609212
2021-05-27,18732,18732,18732,18735,0,-0.0013326226012793096
2021-05-28,18722,18806,18722,18808,1631,0.0038964504937282207
2021-05-31,18992,18992,18806,18934,206,0.006699276903445295
2021-06-01,19017,19105,18850,18969,134,0.001848526460335842
2021-06-02,19031,19105,19017,19018,85,0.002583162001159822
2021-06-03,19196,19196,19196,19200,5,0.009569881165211847
2021-06-04,19115,19115,19115,19117,0,-0.004322916666666621
2021-06-07,19046,19046,19046,19048,16,-0.00360935293194542
2021-06-08,19096,19096,19096,19097,67,0.002572448551029005
2021-06-09,18943,18943,18943,18944,0,-0.008011729591035244
2021-06-10,19027,19027,19027,19028,5,0.004434121621621712
2021-06-11,19081,19081,19081,19082,0,0.0028379230607524786
2021-06-14,19171,19171,19171,19175,5,0.004873702966146087
2021-06-15,19172,19196,19100,19146,631,-0.001512385919165582
2021-06-16,19265,19265,19265,19269,0,0.006424318395487294
2021-06-17,19157,19162,19157,19165,202,-0.005397270226789153
2021-06-18,19226,19226,19226,19229,0,0.0033394208192016883
2021-06-21,19186,19186,19186,19190,63,-0.0020281865931666143
2021-06-22,19250,19250,19250,19254,30,0.0033350703491401568
2021-06-23,19384,19393,19305,19308,207,0.002804612028669329
2021-06-24,19364,19364,19364,19366,0,0.0030039361922518104
2021-06-25,19535,19535,19476,19502,101,0.007022616957554462
2021-06-28,19457,19486,19384,19453,106,-0.002512562814070307
2021-06-29,19452,19501,19384,19396,104,-0.002930139310132085
2021-06-30,19329,19560,19329,19562,101,0.008558465663023318
2021-07-01,19613,19613,19398,19424,108,-0.007054493405582285
2021-07-02,19275,19481,19275,19366,114,-0.00298599670510713
2021-07-05,19364,19540,19364,19507,145,0.007280801404523363
2021-07-06,19535,19540,19491,19493,226,-0.0007176910852514373
2021-07-07,19461,19461,19461,19463,0,-0.0015390140050274281
2021-07-08,19506,19516,19265,19269,2641,-0.009967630889379797
2021-07-09,18992,19081,18840,19003,320,-0.013804556541595292
2021-07-12,19133,19221,19133,19209,62,0.010840393622059574
2021-07-13,19255,19344,19236,19303,52,0.004893539486698906
2021-07-14,19374,19374,19231,19318,993,0.0007770812827021523
2021-07-15,19196,19388,19196,19391,51,0.0037788590951444156
2021-07-16,19466,19466,19300,19381,80,-0.0005157031612603724
2021-07-19,19115,19152,19086,19156,60,-0.01160930808523808
2021-07-20,19046,19119,19022,19117,56,-0.002035915640008379
2021-07-21,19138,19138,18953,19023,162,-0.0049170895014908345
2021-07-22,19086,19260,19086,19234,65,0.011091836198286353
2021-07-23,19231,19241,19152,19200,59,-0.001767703025891687
2021-07-26,19437,19437,19091,19097,57,-0.005364583333333339
2021-07-27,19119,19186,19041,19053,54,-0.0023040268104937978
2021-07-28,18953,19115,18953,19117,61,0.0033590510680732155
2021-07-29,19041,19148,19041,19077,57,-0.002092378511272641
2021-07-30,19031,19086,18909,18911,81,-0.008701577816218498
2021-08-02,18904,18997,18811,18998,66,0.004600497065200049
2021-08-03,19182,19182,18992,19165,117,0.008790398989367398
2021-08-04,19100,19389,19100,19371,52,0.01074876076180531
2021-08-05,19556,19556,19315,19391,141,0.0010324712198648278
2021-08-06,19266,19266,19266,19269,3,-0.00629157856737661
2021-08-09,19115,19256,19115,19224,55,-0.0023353573096683844
2021-08-10,19163,19163,19086,19137,57,-0.004525593008739115
2021-08-11,18992,18992,18992,18993,0,-0.007524690390343314
2021-08-12,18885,18899,18786,18818,51,-0.009213920918233032
2021-08-13,18712,18712,18522,18627,51,-0.010149856520352829
2021-08-17,18556,18581,18310,18342,55,-0.01530037043002097
2021-08-18,18443,18571,18296,18513,147,0.009322865554465265
2021-08-19,18320,18409,18075,18077,51,-0.023551018203424645
2021-08-20,18251,18256,17870,17925,72,-0.008408474857553805
2021-08-23,18109,18178,18109,18132,142,0.011548117154811743
2021-08-24,18350,18467,18330,18470,83,0.018641076549746227
2021-08-25,18409,18522,18345,18489,69,0.001028695181375161
2021-08-26,18654,18654,18380,18401,51,-0.004759586781329483
2021-08-27,18168,18399,18168,18327,52,-0.004021520569534309
2021-08-30,18433,18433,18433,18435,5,0.005892944835488523
2021-08-31,18581,18820,18380,18823,52,0.021046921616490355
2021-09-01,18717,18806,18659,18774,51,-0.002603198214949809
2021-09-02,18707,18737,18629,18656,61,-0.006285288164482816
2021-09-03,18707,18776,18678,18778,55,0.006539451114922823
2021-09-06,18918,18918,18776,18838,71,0.003195228458834798
2021-09-07,18727,18727,18649,18705,52,-0.007060197473192531
2021-09-08,18707,18712,18556,18582,57,-0.00657578187650365
2021-09-09,18443,18477,18213,18229,51,-0.018996878699817032
2021-09-10,18399,18399,18261,18361,56,0.007241209062482934
2021-09-13,18271,18335,18213,18337,60,-0.001307118348673808
2021-09-14,18492,18595,18467,18513,51,0.009598080383923291
2021-09-15,18389,18541,18389,18489,158,-0.0012963863231243433
2021-09-16,18561,18561,18384,18396,51,-0.005030017848450474
2021-09-17,18477,18477,18238,18411,100,0.0008153946510109922
2021-09-23,18325,18433,18320,18435,6357,0.0013035685188202972
2021-09-24,18433,18467,18335,18366,67,-0.003742880390561476
2021-09-27,18467,18477,18384,18460,62,0.005118153109005874
2021-09-28,18315,18335,18159,18161,51,-0.016197183098591528
2021-09-29,17982,18045,17825,17980,51,-0.009966411541214693
2021-09-30,18036,18090,17899,18058,54,0.004338153503893105
2021-10-01,17835,17929,17663,17691,51,-0.02032340237014063
2021-10-05,17458,17458,17252,17415,85,-0.015601153128709466
2021-10-06,17599,17599,17139,17141,77,-0.015733563020384755
2021-10-07,17109,17389,17109,17376,66,0.0137098185636777
2021-10-08,17511,17511,17379,17415,51,0.0022444751381216488
2021-10-12,17154,17198,16991,17093,66,-0.018489807637094513
2021-10-13,17228,17316,17228,17268,51,0.010238109167495457
2021-10-14,17242,17462,17242,17465,51,0.011408385452860825
2021-10-15,17742,17742,17619,17696,58,0.013226452905811703
2021-10-18,17520,17673,17520,17602,62,-0.005311934900542492
2021-10-19,17767,17802,17713,17802,51,0.011362345188046907
2021-10-20,17802,17845,17678,17709,62,-0.005224132119986513
2021-10-21,17762,17792,17668,17691,147,-0.0010164323225478888
2021-10-22,17688,17688,17688,17691,0,0.0
2021-10-25,17575,17797,17575,17719,605,0.0015827256797240619
2021-10-26,17929,17929,17929,17930,0,0.011908121225802759
2021-10-27,17919,17919,17767,17807,51,-0.0068600111544896425
2021-10-28,17649,17821,17649,17724,55,-0.004661088336047614
2021-10-29,17905,17905,17472,17498,136,-0.01275107199277814
2021-11-01,17501,17575,17501,17548,60,0.0028574694250771415
2021-11-02,17737,17792,17737,17792,17,0.013904718486437151
2021-11-03,17477,17570,17477,17572,41,-0.012365107913669071
2021-11-04,17802,17802,17624,17661,51,0.005064875938993962
2021-11-05,17575,17575,17575,17577,12,-0.0047562425683710385
2021-11-08,17424,17570,17360,17567,61,-0.0005689253001081029
2021-11-09,17688,17728,17535,17636,53,0.003927819206466676
2021-11-10,17560,17560,17360,17400,55,-0.013381719210705412
2021-11-11,17419,17439,17291,17439,62,0.0022413793103448487
2021-11-12,17404,17634,17404,17572,66,0.0076265840931246665
2021-11-15,17871,17885,17747,17832,59,0.014796266788071888
2021-11-16,17708,17861,17708,17777,51,-0.003084342754598457
2021-11-17,17983,17983,17614,17641,51,-0.007650334702143269
2021-11-18,17506,17599,17462,17493,220,-0.008389547077830017
2021-11-19,17693,17718,17570,17701,106,0.011890470473903791
2021-11-22,17777,18046,17777,18049,153,0.01965990621998759
2021-11-23,17963,17978,17807,17901,106,-0.008199900271483207
2021-11-24,17905,17949,17718,17807,218,-0.00525110329031897
2021-11-25,17988,17988,17723,17724,223,-0.004661088336047614
2021-11-26,17649,17649,17335,17365,466,-0.02025502143985558
2021-11-29,17320,17360,17286,17286,24,-0.004549380938669745
2021-11-30,17482,17482,16824,16918,392,-0.02128890431563113
2021-12-01,17069,17340,17069,17321,56,0.0238207825984158
2021-12-02,17261,17525,17202,17528,89,0.011950811154090468
2021-12-03,17525,17693,17409,17681,56,0.008728890917389265
2021-12-06,17673,17787,17525,17754,1078,0.004128725750806028
2021-12-07,17673,17811,17619,17807,353,0.0029852427621943622
2021-12-08,18135,18135,17935,17945,79,0.007749761329814087
2021-12-09,17826,18046,17826,17945,61,0.0
2021-12-10,17935,17978,17920,17980,10,0.0019504040122597655
2021-12-13,17993,18174,17920,17930,298,-0.002780867630700734
2021-12-14,17698,17841,17698,17772,308,-0.008812046848856614
2021-12-15,17807,17861,17733,17861,62,0.005007877560207152
2021-12-16,17958,17968,17915,17916,14,0.003079334863669514
2021-12-17,17649,17978,17649,17980,122,0.0035722259432908743
2021-12-20,17757,17767,17673,17681,73,-0.01662958843159068
2021-12-21,17747,17816,17609,17787,151,0.005995136021718306
2021-12-22,17885,17910,17792,17866,325,0.0044414459998876055
2021-12-23,17900,17900,17900,17901,0,0.001959028321952383
2021-12-24,18056,18076,17998,18009,64,0.006033182503770718
2021-12-27,18150,18150,17925,17989,58,-0.0011105558331945264
2021-12-28,17885,18071,17885,18073,64,0.004669520262382543
2021-12-29,18347,18347,18130,18157,51,0.0046478171858572725
2021-12-30,18283,18283,17988,18059,69,-0.005397367406509868
2022-01-03,18051,18169,17973,18088,95,0.0016058474998614791
2022-01-04,17993,18071,17925,18073,113,-0.0008292790800530359
2022-01-05,18169,18169,17693,17827,69,-0.013611464615725155
2022-01-06,17449,17708,17449,17612,60,-0.01206035788410842
2022-01-07,17619,17816,17619,17792,62,0.010220304337951402
2022-01-10,17619,17644,17467,17646,68,-0.00820593525179858
2022-01-11,17757,17757,17580,17696,68,0.0028335033435340495
2022-01-12,17659,17968,17659,17970,70,0.015483725135623905
2022-01-13,18105,18105,17871,17881,57,-0.004952698942682243
2022-01-14,17663,17663,17516,17622,56,-0.014484648509591191
2022-01-17,17683,17683,17379,17464,73,-0.008966065145840418
2022-01-18,17305,17535,17222,17331,78,-0.007615666513971608
2022-01-19,17246,17345,17138,17214,57,-0.006750908776181452
2022-01-20,17024,17320,17024,17321,78,0.006215870802834811
2022-01-21,17024,17024,16961,16963,86,-0.020668552623982483
2022-01-24,17098,17098,16809,16884,63,-0.00465719507162643
2022-01-25,16859,16859,16343,16501,488,-0.02268419805733235
2022-01-26,16563,16612,16397,16398,51,-0.00624204593660993
2022-01-27,16299,16299,15851,15866,26,-0.032442980851323355
2022-01-28,15949,16284,15787,16284,63,0.026345644774990573
2022-02-03,16427,16564,16417,16472,105,0.011545074920167098
2022-02-04,16328,16658,16328,16659,67,0.01135259834871305
2022-02-07,16771,16771,16377,16516,83,-0.00858394861636358
2022-02-08,16662,16662,16382,16541,14,0.0015136837006539672
2022-02-09,16539,16761,16539,16762,63,0.013360739979445091
2022-02-10,16968,16968,16761,16875,70,0.006741438969096736
2022-02-11,16781,16781,16588,16708,76,-0.009896296296296292
2022-02-14,16579,16579,16358,16457,65,-0.015022743595882182
2022-02-15,16392,16437,16205,16329,62,-0.007777845293795993
2022-02-16,16529,16667,16529,16669,63,0.020821850695082356
2022-02-17,16554,16835,16554,16674,17318,0.0002999580058791196
2022-02-18,16633,16717,16633,16718,13,0.0026388389108791266
2022-02-21,16451,16702,16451,16703,168,-0.0008972365115444969
2022-02-22,16432,16490,16387,16491,55,-0.01269233071903253
2022-02-23,16554,16554,16392,16546,62,0.0033351525074283295
2022-02-24,16451,16451,16042,16127,66,-0.025323340988758658
2022-02-25,16170,16318,16170,16309,69,0.011285421963167286
2022-02-28,16308,16456,16200,16457,74,0.009074744006376756
2022-03-02,16377,16427,16308,16422,76,-0.002126754572522316
2022-03-03,16588,16717,16588,16718,19,0.018024601144805752
2022-03-04,16564,16564,16397,16447,3137,-0.016210072975236245
2022-03-07,16165,16165,16032,16088,1095,-0.021827688940232237
2022-03-08,15880,15999,15792,15920,15367,-0.01044256588761805
2022-03-10,16239,16343,16180,16343,375,0.026570351758794075
2022-03-11,16195,16205,16042,16206,69,-0.008382793856697046
2022-03-14,16151,16155,16052,16142,44,-0.003949154634086183
2022-03-15,16165,16165,15959,16009,70,-0.00823937554206422
2022-03-16,16037,16234,16008,16236,82,0.01417952401774003
2022-03-17,16486,16584,16486,16506,78,0.016629711751662946
2022-03-18,16412,16554,16368,16555,64,0.002968617472434376
2022-03-21,16672,16672,16377,16383,118,-0.010389610389610393
2022-03-22,16220,16495,16220,16496,113,0.006897393639748506
2022-03-23,16613,16628,16500,16629,81,0.008062560620756498
2022-03-24,16539,16564,16387,16565,69,-0.0038486980576102336
2022-03-25,16514,16544,16486,16506,70,-0.003561726531844278
2022-03-28,16328,16481,16313,16481,69,-0.0015146007512419901
2022-03-29,16495,16554,16490,16555,52692,0.004490018809538254
2022-03-30,16593,16623,16549,16624,23380,0.004167925098157665
2022-03-31,16702,16707,16603,16654,28035,0.001804619826756504
2022-04-01,16653,16653,16461,16575,7272,-0.004743605139906348
2022-04-04,16653,16653,16490,16649,86,0.00446455505279042
2022-04-05,16584,16658,16559,16659,383,0.000600636674875421
2022-04-06,16588,16588,16437,16477,8204,-0.010925025511735353
2022-04-07,16229,16323,16195,16274,62,-0.012320203920616613
2022-04-08,16229,16279,16229,16279,25,0.00030723854000247464
2022-04-11,16190,16318,16185,16241,87,-0.002334295718410262
2022-04-12,15964,16121,15964,16098,75,-0.008804876547010676
2022-04-13,16106,16382,16106,16383,78,0.01770406261647417
2022-04-14,16249,16323,16215,16324,98,-0.0036012940242934333
2022-04-15,16308,16308,16086,16147,87,-0.01084293065425146
2022-04-18,16072,16141,16012,16142,84,-0.00030965504428071
2022-04-19,16160,16343,16160,16304,85040,0.010035931111386454
2022-04-20,16146,16299,16146,16299,67551,-0.00030667320902844075
2022-04-21,16348,16427,16303,16378,146020,0.004846923124117941
2022-04-22,16303,16303,16091,16216,6624,-0.009891317621199214
2022-04-25,15910,15910,15910,15910,38,-0.01887025160335476
2022-04-26,16047,16047,15979,16004,76,0.005908233815210551
2022-04-27,15520,15797,15520,15797,75,-0.012934266433391683
2022-04-28,15957,15957,15957,15957,181,0.010128505412420052
2022-04-29,16021,16191,16021,16192,27,0.014727079024879464
2022-05-02,16061,16131,16026,16127,94,-0.0040143280632410905
2022-05-03,16016,16191,16016,16117,88,-0.0006200781298443259
2022-05-04,16116,16206,16046,16122,94,0.00031023143264885533
2022-05-06,15797,15902,15797,15902,86,-0.013645949634040422
2022-05-09,15902,15902,15677,15713,81,-0.011885297446862064
2022-05-10,15378,15627,15353,15618,10419,-0.006045949214026569
2022-05-11,15657,15662,15537,15653,76,0.0022410039697784434
2022-05-12,15363,15547,15303,15388,75,-0.016929662045614302
2022-05-13,15493,15707,15473,15698,50,0.02014556797504552
2022-05-16,15702,15807,15592,15638,56,-0.003822142948146312
2022-05-17,15722,15827,15722,15827,51,0.012085944494180767
2022-05-18,15812,15977,15787,15837,62,0.00063183168004044
2022-05-19,15607,15692,15567,15673,90,-0.010355496621834992
2022-05-20,15567,15897,15567,15897,56,0.014292094685127266
2022-05-23,15972,15972,15972,15972,81,0.0047178712964710545
2022-05-24,16046,16046,15697,15698,52,-0.01715502128725266
2022-05-25,15632,15817,15632,15723,56,0.0015925595617276578
2022-05-26,15892,15922,15597,15703,96577,-0.001272021878776286
2022-05-27,15727,15877,15727,15827,22928,0.007896580271285814
2022-05-30,16046,16046,16046,16047,6,0.01390029696088968
2022-05-31,16181,16181,15982,16177,50,0.008101202717018863
2022-06-02,15942,15967,15902,15952,61,-0.01390863571737655
2022-06-03,16031,16031,16031,16032,6,0.005015045135406293
2022-06-07,16076,16076,15712,15753,72,-0.01740269461077848
2022-06-08,15652,15797,15652,15718,50,-0.0022217990224083772
2022-06-09,15732,15732,15732,15733,0,0.0009543198880264114
2022-06-10,15692,15692,15527,15563,6080,-0.010805313671899852
2022-06-13,15093,15213,14999,15004,57,-0.03591852470603352
2022-06-14,14844,14979,14754,14959,95,-0.0029992002132764872
2022-06-15,14934,14934,14774,14775,8,-0.012300287452369774
2022-06-16,14759,14759,14759,14760,1,-0.0010152284263958977
2022-06-17,14320,14554,14320,14530,51,-0.015582655826558267
2022-06-20,14694,14694,14175,14320,95,-0.014452856159669625
2022-06-21,14230,14465,14230,14400,91,0.005586592178770999
2022-06-22,14115,14115,14031,14031,58,-0.02562500000000001
2022-06-23,14031,14031,13921,13921,1032,-0.007839783336896833
2022-06-24,14135,14135,14135,14136,1,0.015444292795057768
2022-06-27,14445,14505,14230,14405,63,0.019029428409734095
2022-06-28,14365,14365,14345,14345,2,-0.004165220409580006
2022-06-29,14320,14325,14215,14236,50,-0.007598466364586942
2022-06-30,14150,14150,14150,14151,10,-0.005970778308513669
2022-07-01,13861,13861,13861,13861,0,-0.02049325136032787
2022-07-04,13856,13856,13856,13856,29,-0.0003607243344636579
2022-07-05,14105,14105,14105,14106,14,0.01804272517321026
2022-07-06,14031,14031,13976,13976,5,-0.00921593648093011
2022-07-07,14051,14051,14051,14051,0,0.005366342301087679
2022-07-08,14165,14165,14165,14166,10,0.008184470856166914
2022-07-11,14090,14090,14090,14091,42,-0.00529436679373152
2022-07-12,14041,14041,13876,13876,7,-0.015257966077638185
2022-07-13,14001,14001,14001,14001,0,0.009008359757855189
2022-07-14,13956,13956,13906,13906,5,-0.006785229626455225
2022-07-15,13891,14075,13861,14076,6,0.012224938875305513
2022-07-18,14225,14405,14225,14405,10,0.023373117362887275
2022-07-19,14330,14330,14270,14271,12,-0.009302325581395321
2022-07-20,14490,14584,14455,14480,218652,0.014645084436970102
2022-07-21,14485,14619,14485,14620,64,0.00966850828729271
2022-07-22,14515,14515,14515,14515,41,-0.007181942544459696
2022-07-25,14550,14554,14550,14555,24,0.0027557698932139107
2022-07-26,14554,14609,14515,14600,78100,0.003091721058055663
2022-07-27,14500,14550,14500,14550,38784,-0.003424657534246589
2022-07-28,14700,14700,14700,14700,202,0.010309278350515427
2022-07-29,14805,14805,14805,14805,2,0.0071428571428571175
2022-08-01,14755,14765,14755,14765,43,-0.002701789935832477
2022-08-02,14695,14695,14695,14695,13,-0.004740941415509625
2022-08-03,14695,14695,14695,14695,8,0.0
2022-08-04,14860,14860,14860,14860,1,0.011228308948622034
2022-08-05,15000,15000,15000,15000,13,0.009421265141319024
2022-08-08,14970,14990,14895,14990,288,-0.0006666666666667043
2022-08-09,14985,15005,14880,15005,34,0.0010006671114075605
2022-08-10,14930,14930,14845,14845,252,-0.010663112295901334
2022-08-11,14980,15040,14980,15040,22,0.013135735938026194
2022-08-12,15045,15085,15045,15085,9,0.002992021276595702
2022-08-16,15175,15175,15175,15175,7,0.005966191581040725
2022-08-17,15170,15170,15100,15100,17,-0.0049423393739703725
2022-08-18,14980,14980,14930,14930,8,-0.011258278145695355
2022-08-19,14930,14930,14930,14930,0,0.0
2022-08-22,14780,14780,14685,14740,65,-0.01272605492297385
